,artist_name,track_name,track_id,popularity
0,Juice WRLD,Juice WRLD Speaks 2,2pumRJcJLkPPejrEvwLAlu,74
1,Juice WRLD,Already Dead,7qM1BWAsZMTYh4BcYLb0uQ,88
2,Juice WRLD,Wishing Well,2U5WueTLIK5WJLD7mvDODv,85
3,Juice WRLD,Juice WRLD Speaks,1fw2lym3kCvhxbIs8UQGHk,74
4,Eminem,Godzilla (feat. Juice WRLD),7FIWs0pqAYbP91WWM0vlTQ,86
5,Juice WRLD,Lucid Dreams,285pBltuF7vW8TeWk8hdRR,88
6,Juice WRLD,Juice WRLD Speaks From Heaven - Outro,1OjiYjgPZyxS0AiXiSnuYI,61
7,Juice WRLD,Wandered To LA (with Justin Bieber),5J6rTmMjF9DVIAF8G3M9n4,86
8,Juice WRLD,Robbery,6Hj9jySrnFppAI0sEMCZpJ,86
9,Juice WRLD,Burn,0QwKxajohg1rAMMmv1AWe1,83
10,Juice WRLD,Juice WRLD Speaks 2,2pumRJcJLkPPejrEvwLAlu,74
11,Juice WRLD,Already Dead,7qM1BWAsZMTYh4BcYLb0uQ,88
12,Juice WRLD,Wishing Well,2U5WueTLIK5WJLD7mvDODv,85
13,Juice WRLD,Juice WRLD Speaks,1fw2lym3kCvhxbIs8UQGHk,74
14,Eminem,Godzilla (feat. Juice WRLD),7FIWs0pqAYbP91WWM0vlTQ,86
15,Juice WRLD,Lucid Dreams,285pBltuF7vW8TeWk8hdRR,88
16,Juice WRLD,Juice WRLD Speaks From Heaven - Outro,1OjiYjgPZyxS0AiXiSnuYI,61
17,Juice WRLD,Wandered To LA (with Justin Bieber),5J6rTmMjF9DVIAF8G3M9n4,86
18,Juice WRLD,Robbery,6Hj9jySrnFppAI0sEMCZpJ,86
19,Juice WRLD,Burn,0QwKxajohg1rAMMmv1AWe1,83
20,Juice WRLD,Juice WRLD Speaks 2,2pumRJcJLkPPejrEvwLAlu,74
21,Juice WRLD,Already Dead,7qM1BWAsZMTYh4BcYLb0uQ,88
22,Juice WRLD,Wishing Well,2U5WueTLIK5WJLD7mvDODv,85
23,Juice WRLD,Juice WRLD Speaks,1fw2lym3kCvhxbIs8UQGHk,74
24,Eminem,Godzilla (feat. Juice WRLD),7FIWs0pqAYbP91WWM0vlTQ,86
25,Juice WRLD,Lucid Dreams,285pBltuF7vW8TeWk8hdRR,88
26,Juice WRLD,Juice WRLD Speaks From Heaven - Outro,1OjiYjgPZyxS0AiXiSnuYI,61
27,Juice WRLD,Wandered To LA (with Justin Bieber),5J6rTmMjF9DVIAF8G3M9n4,86
28,Juice WRLD,Robbery,6Hj9jySrnFppAI0sEMCZpJ,86
29,Juice WRLD,Burn,0QwKxajohg1rAMMmv1AWe1,83
30,Juice WRLD,Juice WRLD Speaks 2,2pumRJcJLkPPejrEvwLAlu,74
31,Juice WRLD,Already Dead,7qM1BWAsZMTYh4BcYLb0uQ,88
32,Juice WRLD,Wishing Well,2U5WueTLIK5WJLD7mvDODv,85
33,Juice WRLD,Juice WRLD Speaks,1fw2lym3kCvhxbIs8UQGHk,74
34,Eminem,Godzilla (feat. Juice WRLD),7FIWs0pqAYbP91WWM0vlTQ,86
35,Juice WRLD,Lucid Dreams,285pBltuF7vW8TeWk8hdRR,88
36,Juice WRLD,Juice WRLD Speaks From Heaven - Outro,1OjiYjgPZyxS0AiXiSnuYI,61
37,Juice WRLD,Wandered To LA (with Justin Bieber),5J6rTmMjF9DVIAF8G3M9n4,86
38,Juice WRLD,Robbery,6Hj9jySrnFppAI0sEMCZpJ,86
39,Juice WRLD,Burn,0QwKxajohg1rAMMmv1AWe1,83
40,Juice WRLD,Juice WRLD Speaks 2,2pumRJcJLkPPejrEvwLAlu,74
41,Juice WRLD,Already Dead,7qM1BWAsZMTYh4BcYLb0uQ,88
42,Juice WRLD,Wishing Well,2U5WueTLIK5WJLD7mvDODv,85
43,Juice WRLD,Juice WRLD Speaks,1fw2lym3kCvhxbIs8UQGHk,74
44,Eminem,Godzilla (feat. Juice WRLD),7FIWs0pqAYbP91WWM0vlTQ,86
45,Juice WRLD,Lucid Dreams,285pBltuF7vW8TeWk8hdRR,88
46,Juice WRLD,Juice WRLD Speaks From Heaven - Outro,1OjiYjgPZyxS0AiXiSnuYI,61
47,Juice WRLD,Wandered To LA (with Justin Bieber),5J6rTmMjF9DVIAF8G3M9n4,86
48,Juice WRLD,Robbery,6Hj9jySrnFppAI0sEMCZpJ,86
49,Juice WRLD,Burn,0QwKxajohg1rAMMmv1AWe1,83
50,Juice WRLD,Juice WRLD Speaks 2,2pumRJcJLkPPejrEvwLAlu,74
51,Juice WRLD,Already Dead,7qM1BWAsZMTYh4BcYLb0uQ,88
52,Juice WRLD,Wishing Well,2U5WueTLIK5WJLD7mvDODv,85
53,Juice WRLD,Juice WRLD Speaks,1fw2lym3kCvhxbIs8UQGHk,74
54,Eminem,Godzilla (feat. Juice WRLD),7FIWs0pqAYbP91WWM0vlTQ,86
55,Juice WRLD,Lucid Dreams,285pBltuF7vW8TeWk8hdRR,88
56,Juice WRLD,Juice WRLD Speaks From Heaven - Outro,1OjiYjgPZyxS0AiXiSnuYI,61
57,Juice WRLD,Wandered To LA (with Justin Bieber),5J6rTmMjF9DVIAF8G3M9n4,86
58,Juice WRLD,Robbery,6Hj9jySrnFppAI0sEMCZpJ,86
59,Juice WRLD,Burn,0QwKxajohg1rAMMmv1AWe1,83
60,Brenda Lee,Rockin' Around The Christmas Tree,2EjXfH91m7f8HiJN1yQg97,94
61,Brenda Lee,Silent Night,0FgRRFGfk9OwwbL1xaepiS,27
62,Brenda Lee,Rockin' Around the Christmas Tree,09OojFvtrM9YRzRjnXqJjA,75
63,Brenda Lee,Silent Night - Rerecorded Version,0tnrdzVFNxP7ihDCYkKFOV,23
64,Brenda Lee,Rockin' Around the Christmas Tree,6DZ0ut4MATfUe4YMsNOPHy,72
65,Brenda Lee,Jingle Bell Rock,0MKnGJzNdEqOscI6xu9R3m,66
66,Brenda Lee,Silent Night,12NdcmM8QnG6dWXW7hZ2XV,15
67,Brenda Lee,Rockin' Around The Christmas Tree - Single Version,73ntXYHaz545meJDF3AICU,1
68,Brenda Lee,A Marshmallow World,6Eh1XqjaOX2BVL0hVCnwb0,62
69,Brenda Lee,Silent Night - Re-Recorded Version,6fh0ZLnQw66CnuuaUzwc1P,2
70,Juice WRLD,Juice WRLD Speaks 2,2pumRJcJLkPPejrEvwLAlu,74
71,Juice WRLD,Already Dead,7qM1BWAsZMTYh4BcYLb0uQ,88
72,Juice WRLD,Wishing Well,2U5WueTLIK5WJLD7mvDODv,85
73,Juice WRLD,Juice WRLD Speaks,1fw2lym3kCvhxbIs8UQGHk,74
74,Eminem,Godzilla (feat. Juice WRLD),7FIWs0pqAYbP91WWM0vlTQ,86
75,Juice WRLD,Lucid Dreams,285pBltuF7vW8TeWk8hdRR,88
76,Juice WRLD,Juice WRLD Speaks From Heaven - Outro,1OjiYjgPZyxS0AiXiSnuYI,61
77,Juice WRLD,Wandered To LA (with Justin Bieber),5J6rTmMjF9DVIAF8G3M9n4,86
78,Juice WRLD,Robbery,6Hj9jySrnFppAI0sEMCZpJ,86
79,Juice WRLD,Burn,0QwKxajohg1rAMMmv1AWe1,83
80,Mariah Carey,All I Want for Christmas Is You,0bYg9bo50gSsH3LtXe2SQn,97
81,Mariah Carey,Vision of Love,0gLQ6jhJsyYfl7PrD1RZ7X,60
82,Mariah Carey,Christmas (Baby Please Come Home),3PIDciSFdrQxSQSihim3hN,86
83,Mariah Carey,Dreamlover,6HcQZfMrw3KwGyzrKw1Pjy,61
84,Mariah Carey,Oh Santa! (feat. Ariana Grande & Jennifer Hudson),1Ri9P0ZPrqr6h0REDRdJBd,80
85,Mariah Carey,We Belong Together,3LmvfNUQtglbTrydsdIqFU,72
86,Mariah Carey,Fantasy (feat. O.D.B.) - Bad Boy Fantasy,10uRkDT2LoYDJnzgacTXKx,39
87,Mariah Carey,Fantasy,6xkryXuiZU360Lngd4sx13,77
88,Mariah Carey,It's Like That,7zL9xrz5krsuC6qVNluQQw,58
89,Mariah Carey,O Holy Night,3B7FO3kJ5kv3mX7yiaB7sT,78
90,Juice WRLD,Juice WRLD Speaks 2,2pumRJcJLkPPejrEvwLAlu,74
91,Juice WRLD,Already Dead,7qM1BWAsZMTYh4BcYLb0uQ,88
92,Juice WRLD,Wishing Well,2U5WueTLIK5WJLD7mvDODv,85
93,Juice WRLD,Juice WRLD Speaks,1fw2lym3kCvhxbIs8UQGHk,74
94,Eminem,Godzilla (feat. Juice WRLD),7FIWs0pqAYbP91WWM0vlTQ,86
95,Juice WRLD,Lucid Dreams,285pBltuF7vW8TeWk8hdRR,88
96,Juice WRLD,Juice WRLD Speaks From Heaven - Outro,1OjiYjgPZyxS0AiXiSnuYI,61
97,Juice WRLD,Wandered To LA (with Justin Bieber),5J6rTmMjF9DVIAF8G3M9n4,86
98,Juice WRLD,Robbery,6Hj9jySrnFppAI0sEMCZpJ,86
99,Juice WRLD,Burn,0QwKxajohg1rAMMmv1AWe1,83
100,Juice WRLD,Juice WRLD Speaks 2,2pumRJcJLkPPejrEvwLAlu,74
101,Juice WRLD,Already Dead,7qM1BWAsZMTYh4BcYLb0uQ,88
102,Juice WRLD,Wishing Well,2U5WueTLIK5WJLD7mvDODv,85
103,Juice WRLD,Juice WRLD Speaks,1fw2lym3kCvhxbIs8UQGHk,74
104,Eminem,Godzilla (feat. Juice WRLD),7FIWs0pqAYbP91WWM0vlTQ,86
105,Juice WRLD,Lucid Dreams,285pBltuF7vW8TeWk8hdRR,88
106,Juice WRLD,Juice WRLD Speaks From Heaven - Outro,1OjiYjgPZyxS0AiXiSnuYI,61
107,Juice WRLD,Wandered To LA (with Justin Bieber),5J6rTmMjF9DVIAF8G3M9n4,86
108,Juice WRLD,Robbery,6Hj9jySrnFppAI0sEMCZpJ,86
109,Juice WRLD,Burn,0QwKxajohg1rAMMmv1AWe1,83
110,Juice WRLD,Juice WRLD Speaks 2,2pumRJcJLkPPejrEvwLAlu,74
111,Juice WRLD,Already Dead,7qM1BWAsZMTYh4BcYLb0uQ,88
112,Juice WRLD,Wishing Well,2U5WueTLIK5WJLD7mvDODv,85
113,Juice WRLD,Juice WRLD Speaks,1fw2lym3kCvhxbIs8UQGHk,74
114,Eminem,Godzilla (feat. Juice WRLD),7FIWs0pqAYbP91WWM0vlTQ,86
115,Juice WRLD,Lucid Dreams,285pBltuF7vW8TeWk8hdRR,88
116,Juice WRLD,Juice WRLD Speaks From Heaven - Outro,1OjiYjgPZyxS0AiXiSnuYI,61
117,Juice WRLD,Wandered To LA (with Justin Bieber),5J6rTmMjF9DVIAF8G3M9n4,86
118,Juice WRLD,Robbery,6Hj9jySrnFppAI0sEMCZpJ,86
119,Juice WRLD,Burn,0QwKxajohg1rAMMmv1AWe1,83
120,Juice WRLD,Juice WRLD Speaks 2,2pumRJcJLkPPejrEvwLAlu,74
121,Juice WRLD,Already Dead,7qM1BWAsZMTYh4BcYLb0uQ,88
122,Juice WRLD,Wishing Well,2U5WueTLIK5WJLD7mvDODv,85
123,Juice WRLD,Juice WRLD Speaks,1fw2lym3kCvhxbIs8UQGHk,74
124,Eminem,Godzilla (feat. Juice WRLD),7FIWs0pqAYbP91WWM0vlTQ,86
125,Juice WRLD,Lucid Dreams,285pBltuF7vW8TeWk8hdRR,88
126,Juice WRLD,Juice WRLD Speaks From Heaven - Outro,1OjiYjgPZyxS0AiXiSnuYI,61
127,Juice WRLD,Wandered To LA (with Justin Bieber),5J6rTmMjF9DVIAF8G3M9n4,86
128,Juice WRLD,Robbery,6Hj9jySrnFppAI0sEMCZpJ,86
129,Juice WRLD,Burn,0QwKxajohg1rAMMmv1AWe1,83
130,Juice WRLD,Juice WRLD Speaks 2,2pumRJcJLkPPejrEvwLAlu,74
131,Juice WRLD,Already Dead,7qM1BWAsZMTYh4BcYLb0uQ,88
132,Juice WRLD,Wishing Well,2U5WueTLIK5WJLD7mvDODv,85
133,Juice WRLD,Juice WRLD Speaks,1fw2lym3kCvhxbIs8UQGHk,74
134,Eminem,Godzilla (feat. Juice WRLD),7FIWs0pqAYbP91WWM0vlTQ,86
135,Juice WRLD,Lucid Dreams,285pBltuF7vW8TeWk8hdRR,88
136,Juice WRLD,Juice WRLD Speaks From Heaven - Outro,1OjiYjgPZyxS0AiXiSnuYI,61
137,Juice WRLD,Wandered To LA (with Justin Bieber),5J6rTmMjF9DVIAF8G3M9n4,86
138,Juice WRLD,Robbery,6Hj9jySrnFppAI0sEMCZpJ,86
139,Juice WRLD,Burn,0QwKxajohg1rAMMmv1AWe1,83
140,Juice WRLD,Juice WRLD Speaks 2,2pumRJcJLkPPejrEvwLAlu,74
141,Juice WRLD,Already Dead,7qM1BWAsZMTYh4BcYLb0uQ,88
142,Juice WRLD,Wishing Well,2U5WueTLIK5WJLD7mvDODv,85
143,Juice WRLD,Juice WRLD Speaks,1fw2lym3kCvhxbIs8UQGHk,74
144,Eminem,Godzilla (feat. Juice WRLD),7FIWs0pqAYbP91WWM0vlTQ,86
145,Juice WRLD,Lucid Dreams,285pBltuF7vW8TeWk8hdRR,88
146,Juice WRLD,Juice WRLD Speaks From Heaven - Outro,1OjiYjgPZyxS0AiXiSnuYI,61
147,Juice WRLD,Wandered To LA (with Justin Bieber),5J6rTmMjF9DVIAF8G3M9n4,86
148,Juice WRLD,Robbery,6Hj9jySrnFppAI0sEMCZpJ,86
149,Juice WRLD,Burn,0QwKxajohg1rAMMmv1AWe1,83
150,Juice WRLD,Juice WRLD Speaks 2,2pumRJcJLkPPejrEvwLAlu,74
151,Juice WRLD,Already Dead,7qM1BWAsZMTYh4BcYLb0uQ,88
152,Juice WRLD,Wishing Well,2U5WueTLIK5WJLD7mvDODv,85
153,Juice WRLD,Juice WRLD Speaks,1fw2lym3kCvhxbIs8UQGHk,74
154,Eminem,Godzilla (feat. Juice WRLD),7FIWs0pqAYbP91WWM0vlTQ,86
155,Juice WRLD,Lucid Dreams,285pBltuF7vW8TeWk8hdRR,88
156,Juice WRLD,Juice WRLD Speaks From Heaven - Outro,1OjiYjgPZyxS0AiXiSnuYI,61
157,Juice WRLD,Wandered To LA (with Justin Bieber),5J6rTmMjF9DVIAF8G3M9n4,86
158,Juice WRLD,Robbery,6Hj9jySrnFppAI0sEMCZpJ,86
159,Juice WRLD,Burn,0QwKxajohg1rAMMmv1AWe1,83
160,Brenda Lee,Rockin' Around The Christmas Tree,2EjXfH91m7f8HiJN1yQg97,94
161,Brenda Lee,Silent Night,0FgRRFGfk9OwwbL1xaepiS,27
162,Brenda Lee,Rockin' Around the Christmas Tree,09OojFvtrM9YRzRjnXqJjA,75
163,Brenda Lee,Silent Night - Rerecorded Version,0tnrdzVFNxP7ihDCYkKFOV,23
164,Brenda Lee,Rockin' Around the Christmas Tree,6DZ0ut4MATfUe4YMsNOPHy,72
165,Brenda Lee,Jingle Bell Rock,0MKnGJzNdEqOscI6xu9R3m,66
166,Brenda Lee,Silent Night,12NdcmM8QnG6dWXW7hZ2XV,15
167,Brenda Lee,Rockin' Around The Christmas Tree - Single Version,73ntXYHaz545meJDF3AICU,1
168,Brenda Lee,A Marshmallow World,6Eh1XqjaOX2BVL0hVCnwb0,62
169,Brenda Lee,Silent Night - Re-Recorded Version,6fh0ZLnQw66CnuuaUzwc1P,2
170,Juice WRLD,Juice WRLD Speaks 2,2pumRJcJLkPPejrEvwLAlu,74
171,Juice WRLD,Already Dead,7qM1BWAsZMTYh4BcYLb0uQ,88
172,Juice WRLD,Wishing Well,2U5WueTLIK5WJLD7mvDODv,85
173,Juice WRLD,Juice WRLD Speaks,1fw2lym3kCvhxbIs8UQGHk,74
174,Eminem,Godzilla (feat. Juice WRLD),7FIWs0pqAYbP91WWM0vlTQ,86
175,Juice WRLD,Lucid Dreams,285pBltuF7vW8TeWk8hdRR,88
176,Juice WRLD,Juice WRLD Speaks From Heaven - Outro,1OjiYjgPZyxS0AiXiSnuYI,61
177,Juice WRLD,Wandered To LA (with Justin Bieber),5J6rTmMjF9DVIAF8G3M9n4,86
178,Juice WRLD,Robbery,6Hj9jySrnFppAI0sEMCZpJ,86
179,Juice WRLD,Burn,0QwKxajohg1rAMMmv1AWe1,83
180,Mariah Carey,All I Want for Christmas Is You,0bYg9bo50gSsH3LtXe2SQn,97
181,Mariah Carey,Vision of Love,0gLQ6jhJsyYfl7PrD1RZ7X,60
182,Mariah Carey,Christmas (Baby Please Come Home),3PIDciSFdrQxSQSihim3hN,86
183,Mariah Carey,Dreamlover,6HcQZfMrw3KwGyzrKw1Pjy,61
184,Mariah Carey,Oh Santa! (feat. Ariana Grande & Jennifer Hudson),1Ri9P0ZPrqr6h0REDRdJBd,80
185,Mariah Carey,We Belong Together,3LmvfNUQtglbTrydsdIqFU,72
186,Mariah Carey,Fantasy (feat. O.D.B.) - Bad Boy Fantasy,10uRkDT2LoYDJnzgacTXKx,39
187,Mariah Carey,Fantasy,6xkryXuiZU360Lngd4sx13,77
188,Mariah Carey,It's Like That,7zL9xrz5krsuC6qVNluQQw,58
189,Mariah Carey,O Holy Night,3B7FO3kJ5kv3mX7yiaB7sT,78
190,Juice WRLD,Juice WRLD Speaks 2,2pumRJcJLkPPejrEvwLAlu,74
191,Juice WRLD,Already Dead,7qM1BWAsZMTYh4BcYLb0uQ,88
192,Juice WRLD,Wishing Well,2U5WueTLIK5WJLD7mvDODv,85
193,Juice WRLD,Juice WRLD Speaks,1fw2lym3kCvhxbIs8UQGHk,74
194,Eminem,Godzilla (feat. Juice WRLD),7FIWs0pqAYbP91WWM0vlTQ,86
195,Juice WRLD,Lucid Dreams,285pBltuF7vW8TeWk8hdRR,88
196,Juice WRLD,Juice WRLD Speaks From Heaven - Outro,1OjiYjgPZyxS0AiXiSnuYI,61
197,Juice WRLD,Wandered To LA (with Justin Bieber),5J6rTmMjF9DVIAF8G3M9n4,86
198,Juice WRLD,Robbery,6Hj9jySrnFppAI0sEMCZpJ,86
199,Juice WRLD,Burn,0QwKxajohg1rAMMmv1AWe1,83
200,Juice WRLD,Juice WRLD Speaks 2,2pumRJcJLkPPejrEvwLAlu,74
201,Juice WRLD,Already Dead,7qM1BWAsZMTYh4BcYLb0uQ,88
202,Juice WRLD,Wishing Well,2U5WueTLIK5WJLD7mvDODv,85
203,Juice WRLD,Juice WRLD Speaks,1fw2lym3kCvhxbIs8UQGHk,74
204,Eminem,Godzilla (feat. Juice WRLD),7FIWs0pqAYbP91WWM0vlTQ,86
205,Juice WRLD,Lucid Dreams,285pBltuF7vW8TeWk8hdRR,88
206,Juice WRLD,Juice WRLD Speaks From Heaven - Outro,1OjiYjgPZyxS0AiXiSnuYI,61
207,Juice WRLD,Wandered To LA (with Justin Bieber),5J6rTmMjF9DVIAF8G3M9n4,86
208,Juice WRLD,Robbery,6Hj9jySrnFppAI0sEMCZpJ,86
209,Juice WRLD,Burn,0QwKxajohg1rAMMmv1AWe1,83
210,Juice WRLD,Juice WRLD Speaks 2,2pumRJcJLkPPejrEvwLAlu,74
211,Juice WRLD,Already Dead,7qM1BWAsZMTYh4BcYLb0uQ,88
212,Juice WRLD,Wishing Well,2U5WueTLIK5WJLD7mvDODv,85
213,Juice WRLD,Juice WRLD Speaks,1fw2lym3kCvhxbIs8UQGHk,74
214,Eminem,Godzilla (feat. Juice WRLD),7FIWs0pqAYbP91WWM0vlTQ,86
215,Juice WRLD,Lucid Dreams,285pBltuF7vW8TeWk8hdRR,88
216,Juice WRLD,Juice WRLD Speaks From Heaven - Outro,1OjiYjgPZyxS0AiXiSnuYI,61
217,Juice WRLD,Wandered To LA (with Justin Bieber),5J6rTmMjF9DVIAF8G3M9n4,86
218,Juice WRLD,Robbery,6Hj9jySrnFppAI0sEMCZpJ,86
219,Juice WRLD,Burn,0QwKxajohg1rAMMmv1AWe1,83
220,Juice WRLD,Juice WRLD Speaks 2,2pumRJcJLkPPejrEvwLAlu,74
221,Juice WRLD,Already Dead,7qM1BWAsZMTYh4BcYLb0uQ,88
222,Juice WRLD,Wishing Well,2U5WueTLIK5WJLD7mvDODv,85
223,Juice WRLD,Juice WRLD Speaks,1fw2lym3kCvhxbIs8UQGHk,74
224,Eminem,Godzilla (feat. Juice WRLD),7FIWs0pqAYbP91WWM0vlTQ,86
225,Juice WRLD,Lucid Dreams,285pBltuF7vW8TeWk8hdRR,88
226,Juice WRLD,Juice WRLD Speaks From Heaven - Outro,1OjiYjgPZyxS0AiXiSnuYI,61
227,Juice WRLD,Wandered To LA (with Justin Bieber),5J6rTmMjF9DVIAF8G3M9n4,86
228,Juice WRLD,Robbery,6Hj9jySrnFppAI0sEMCZpJ,86
229,Juice WRLD,Burn,0QwKxajohg1rAMMmv1AWe1,83
230,Juice WRLD,Juice WRLD Speaks 2,2pumRJcJLkPPejrEvwLAlu,74
231,Juice WRLD,Already Dead,7qM1BWAsZMTYh4BcYLb0uQ,88
232,Juice WRLD,Wishing Well,2U5WueTLIK5WJLD7mvDODv,85
233,Juice WRLD,Juice WRLD Speaks,1fw2lym3kCvhxbIs8UQGHk,74
234,Eminem,Godzilla (feat. Juice WRLD),7FIWs0pqAYbP91WWM0vlTQ,86
235,Juice WRLD,Lucid Dreams,285pBltuF7vW8TeWk8hdRR,88
236,Juice WRLD,Juice WRLD Speaks From Heaven - Outro,1OjiYjgPZyxS0AiXiSnuYI,61
237,Juice WRLD,Wandered To LA (with Justin Bieber),5J6rTmMjF9DVIAF8G3M9n4,86
238,Juice WRLD,Robbery,6Hj9jySrnFppAI0sEMCZpJ,86
239,Juice WRLD,Burn,0QwKxajohg1rAMMmv1AWe1,83
240,Juice WRLD,Juice WRLD Speaks 2,2pumRJcJLkPPejrEvwLAlu,74
241,Juice WRLD,Already Dead,7qM1BWAsZMTYh4BcYLb0uQ,88
242,Juice WRLD,Wishing Well,2U5WueTLIK5WJLD7mvDODv,85
243,Juice WRLD,Juice WRLD Speaks,1fw2lym3kCvhxbIs8UQGHk,74
244,Eminem,Godzilla (feat. Juice WRLD),7FIWs0pqAYbP91WWM0vlTQ,86
245,Juice WRLD,Lucid Dreams,285pBltuF7vW8TeWk8hdRR,88
246,Juice WRLD,Juice WRLD Speaks From Heaven - Outro,1OjiYjgPZyxS0AiXiSnuYI,61
247,Juice WRLD,Wandered To LA (with Justin Bieber),5J6rTmMjF9DVIAF8G3M9n4,86
248,Juice WRLD,Robbery,6Hj9jySrnFppAI0sEMCZpJ,86
249,Juice WRLD,Burn,0QwKxajohg1rAMMmv1AWe1,83
250,Juice WRLD,Juice WRLD Speaks 2,2pumRJcJLkPPejrEvwLAlu,74
251,Juice WRLD,Already Dead,7qM1BWAsZMTYh4BcYLb0uQ,88
252,Juice WRLD,Wishing Well,2U5WueTLIK5WJLD7mvDODv,85
253,Juice WRLD,Juice WRLD Speaks,1fw2lym3kCvhxbIs8UQGHk,74
254,Eminem,Godzilla (feat. Juice WRLD),7FIWs0pqAYbP91WWM0vlTQ,86
255,Juice WRLD,Lucid Dreams,285pBltuF7vW8TeWk8hdRR,88
256,Juice WRLD,Juice WRLD Speaks From Heaven - Outro,1OjiYjgPZyxS0AiXiSnuYI,61
257,Juice WRLD,Wandered To LA (with Justin Bieber),5J6rTmMjF9DVIAF8G3M9n4,86
258,Juice WRLD,Robbery,6Hj9jySrnFppAI0sEMCZpJ,86
259,Juice WRLD,Burn,0QwKxajohg1rAMMmv1AWe1,83
260,Brenda Lee,Rockin' Around The Christmas Tree,2EjXfH91m7f8HiJN1yQg97,94
261,Brenda Lee,Silent Night,0FgRRFGfk9OwwbL1xaepiS,27
262,Brenda Lee,Rockin' Around the Christmas Tree,09OojFvtrM9YRzRjnXqJjA,75
263,Brenda Lee,Silent Night - Rerecorded Version,0tnrdzVFNxP7ihDCYkKFOV,23
264,Brenda Lee,Rockin' Around the Christmas Tree,6DZ0ut4MATfUe4YMsNOPHy,72
265,Brenda Lee,Jingle Bell Rock,0MKnGJzNdEqOscI6xu9R3m,66
266,Brenda Lee,Silent Night,12NdcmM8QnG6dWXW7hZ2XV,15
267,Brenda Lee,Rockin' Around The Christmas Tree - Single Version,73ntXYHaz545meJDF3AICU,1
268,Brenda Lee,A Marshmallow World,6Eh1XqjaOX2BVL0hVCnwb0,62
269,Brenda Lee,Silent Night - Re-Recorded Version,6fh0ZLnQw66CnuuaUzwc1P,2
270,Juice WRLD,Juice WRLD Speaks 2,2pumRJcJLkPPejrEvwLAlu,74
271,Juice WRLD,Already Dead,7qM1BWAsZMTYh4BcYLb0uQ,88
272,Juice WRLD,Wishing Well,2U5WueTLIK5WJLD7mvDODv,85
273,Juice WRLD,Juice WRLD Speaks,1fw2lym3kCvhxbIs8UQGHk,74
274,Eminem,Godzilla (feat. Juice WRLD),7FIWs0pqAYbP91WWM0vlTQ,86
275,Juice WRLD,Lucid Dreams,285pBltuF7vW8TeWk8hdRR,88
276,Juice WRLD,Juice WRLD Speaks From Heaven - Outro,1OjiYjgPZyxS0AiXiSnuYI,61
277,Juice WRLD,Wandered To LA (with Justin Bieber),5J6rTmMjF9DVIAF8G3M9n4,86
278,Juice WRLD,Robbery,6Hj9jySrnFppAI0sEMCZpJ,86
279,Juice WRLD,Burn,0QwKxajohg1rAMMmv1AWe1,83
280,Mariah Carey,All I Want for Christmas Is You,0bYg9bo50gSsH3LtXe2SQn,97
281,Mariah Carey,Vision of Love,0gLQ6jhJsyYfl7PrD1RZ7X,60
282,Mariah Carey,Christmas (Baby Please Come Home),3PIDciSFdrQxSQSihim3hN,86
283,Mariah Carey,Dreamlover,6HcQZfMrw3KwGyzrKw1Pjy,61
284,Mariah Carey,Oh Santa! (feat. Ariana Grande & Jennifer Hudson),1Ri9P0ZPrqr6h0REDRdJBd,80
285,Mariah Carey,We Belong Together,3LmvfNUQtglbTrydsdIqFU,72
286,Mariah Carey,Fantasy (feat. O.D.B.) - Bad Boy Fantasy,10uRkDT2LoYDJnzgacTXKx,39
287,Mariah Carey,Fantasy,6xkryXuiZU360Lngd4sx13,77
288,Mariah Carey,It's Like That,7zL9xrz5krsuC6qVNluQQw,58
289,Mariah Carey,O Holy Night,3B7FO3kJ5kv3mX7yiaB7sT,78
290,Juice WRLD,Juice WRLD Speaks 2,2pumRJcJLkPPejrEvwLAlu,74
291,Juice WRLD,Already Dead,7qM1BWAsZMTYh4BcYLb0uQ,88
292,Juice WRLD,Wishing Well,2U5WueTLIK5WJLD7mvDODv,85
293,Juice WRLD,Juice WRLD Speaks,1fw2lym3kCvhxbIs8UQGHk,74
294,Eminem,Godzilla (feat. Juice WRLD),7FIWs0pqAYbP91WWM0vlTQ,86
295,Juice WRLD,Lucid Dreams,285pBltuF7vW8TeWk8hdRR,88
296,Juice WRLD,Juice WRLD Speaks From Heaven - Outro,1OjiYjgPZyxS0AiXiSnuYI,61
297,Juice WRLD,Wandered To LA (with Justin Bieber),5J6rTmMjF9DVIAF8G3M9n4,86
298,Juice WRLD,Robbery,6Hj9jySrnFppAI0sEMCZpJ,86
299,Juice WRLD,Burn,0QwKxajohg1rAMMmv1AWe1,83
300,Juice WRLD,Juice WRLD Speaks 2,2pumRJcJLkPPejrEvwLAlu,74
301,Juice WRLD,Already Dead,7qM1BWAsZMTYh4BcYLb0uQ,88
302,Juice WRLD,Wishing Well,2U5WueTLIK5WJLD7mvDODv,85
303,Juice WRLD,Juice WRLD Speaks,1fw2lym3kCvhxbIs8UQGHk,74
304,Eminem,Godzilla (feat. Juice WRLD),7FIWs0pqAYbP91WWM0vlTQ,86
305,Juice WRLD,Lucid Dreams,285pBltuF7vW8TeWk8hdRR,88
306,Juice WRLD,Juice WRLD Speaks From Heaven - Outro,1OjiYjgPZyxS0AiXiSnuYI,61
307,Juice WRLD,Wandered To LA (with Justin Bieber),5J6rTmMjF9DVIAF8G3M9n4,86
308,Juice WRLD,Robbery,6Hj9jySrnFppAI0sEMCZpJ,86
309,Juice WRLD,Burn,0QwKxajohg1rAMMmv1AWe1,83
310,Juice WRLD,Juice WRLD Speaks 2,2pumRJcJLkPPejrEvwLAlu,74
311,Juice WRLD,Already Dead,7qM1BWAsZMTYh4BcYLb0uQ,88
312,Juice WRLD,Wishing Well,2U5WueTLIK5WJLD7mvDODv,85
313,Juice WRLD,Juice WRLD Speaks,1fw2lym3kCvhxbIs8UQGHk,74
314,Eminem,Godzilla (feat. Juice WRLD),7FIWs0pqAYbP91WWM0vlTQ,86
315,Juice WRLD,Lucid Dreams,285pBltuF7vW8TeWk8hdRR,88
316,Juice WRLD,Juice WRLD Speaks From Heaven - Outro,1OjiYjgPZyxS0AiXiSnuYI,61
317,Juice WRLD,Wandered To LA (with Justin Bieber),5J6rTmMjF9DVIAF8G3M9n4,86
318,Juice WRLD,Robbery,6Hj9jySrnFppAI0sEMCZpJ,86
319,Juice WRLD,Burn,0QwKxajohg1rAMMmv1AWe1,83
320,Juice WRLD,Juice WRLD Speaks 2,2pumRJcJLkPPejrEvwLAlu,74
321,Juice WRLD,Already Dead,7qM1BWAsZMTYh4BcYLb0uQ,88
322,Juice WRLD,Wishing Well,2U5WueTLIK5WJLD7mvDODv,85
323,Juice WRLD,Juice WRLD Speaks,1fw2lym3kCvhxbIs8UQGHk,74
324,Eminem,Godzilla (feat. Juice WRLD),7FIWs0pqAYbP91WWM0vlTQ,86
325,Juice WRLD,Lucid Dreams,285pBltuF7vW8TeWk8hdRR,88
326,Juice WRLD,Juice WRLD Speaks From Heaven - Outro,1OjiYjgPZyxS0AiXiSnuYI,61
327,Juice WRLD,Wandered To LA (with Justin Bieber),5J6rTmMjF9DVIAF8G3M9n4,86
328,Juice WRLD,Robbery,6Hj9jySrnFppAI0sEMCZpJ,86
329,Juice WRLD,Burn,0QwKxajohg1rAMMmv1AWe1,83
330,Juice WRLD,Juice WRLD Speaks 2,2pumRJcJLkPPejrEvwLAlu,74
331,Juice WRLD,Already Dead,7qM1BWAsZMTYh4BcYLb0uQ,88
332,Juice WRLD,Wishing Well,2U5WueTLIK5WJLD7mvDODv,85
333,Juice WRLD,Juice WRLD Speaks,1fw2lym3kCvhxbIs8UQGHk,74
334,Eminem,Godzilla (feat. Juice WRLD),7FIWs0pqAYbP91WWM0vlTQ,86
335,Juice WRLD,Lucid Dreams,285pBltuF7vW8TeWk8hdRR,88
336,Juice WRLD,Juice WRLD Speaks From Heaven - Outro,1OjiYjgPZyxS0AiXiSnuYI,61
337,Juice WRLD,Wandered To LA (with Justin Bieber),5J6rTmMjF9DVIAF8G3M9n4,86
338,Juice WRLD,Robbery,6Hj9jySrnFppAI0sEMCZpJ,86
339,Juice WRLD,Burn,0QwKxajohg1rAMMmv1AWe1,83
340,Juice WRLD,Juice WRLD Speaks 2,2pumRJcJLkPPejrEvwLAlu,74
341,Juice WRLD,Already Dead,7qM1BWAsZMTYh4BcYLb0uQ,88
342,Juice WRLD,Wishing Well,2U5WueTLIK5WJLD7mvDODv,85
343,Juice WRLD,Juice WRLD Speaks,1fw2lym3kCvhxbIs8UQGHk,74
344,Eminem,Godzilla (feat. Juice WRLD),7FIWs0pqAYbP91WWM0vlTQ,86
345,Juice WRLD,Lucid Dreams,285pBltuF7vW8TeWk8hdRR,88
346,Juice WRLD,Juice WRLD Speaks From Heaven - Outro,1OjiYjgPZyxS0AiXiSnuYI,61
347,Juice WRLD,Wandered To LA (with Justin Bieber),5J6rTmMjF9DVIAF8G3M9n4,86
348,Juice WRLD,Robbery,6Hj9jySrnFppAI0sEMCZpJ,86
349,Juice WRLD,Burn,0QwKxajohg1rAMMmv1AWe1,83
350,Juice WRLD,Juice WRLD Speaks 2,2pumRJcJLkPPejrEvwLAlu,74
351,Juice WRLD,Already Dead,7qM1BWAsZMTYh4BcYLb0uQ,88
352,Juice WRLD,Wishing Well,2U5WueTLIK5WJLD7mvDODv,85
353,Juice WRLD,Juice WRLD Speaks,1fw2lym3kCvhxbIs8UQGHk,74
354,Eminem,Godzilla (feat. Juice WRLD),7FIWs0pqAYbP91WWM0vlTQ,86
355,Juice WRLD,Lucid Dreams,285pBltuF7vW8TeWk8hdRR,88
356,Juice WRLD,Juice WRLD Speaks From Heaven - Outro,1OjiYjgPZyxS0AiXiSnuYI,61
357,Juice WRLD,Wandered To LA (with Justin Bieber),5J6rTmMjF9DVIAF8G3M9n4,86
358,Juice WRLD,Robbery,6Hj9jySrnFppAI0sEMCZpJ,86
359,Juice WRLD,Burn,0QwKxajohg1rAMMmv1AWe1,83
360,Brenda Lee,Rockin' Around The Christmas Tree,2EjXfH91m7f8HiJN1yQg97,94
361,Brenda Lee,Silent Night,0FgRRFGfk9OwwbL1xaepiS,27
362,Brenda Lee,Rockin' Around the Christmas Tree,09OojFvtrM9YRzRjnXqJjA,75
363,Brenda Lee,Silent Night - Rerecorded Version,0tnrdzVFNxP7ihDCYkKFOV,23
364,Brenda Lee,Rockin' Around the Christmas Tree,6DZ0ut4MATfUe4YMsNOPHy,72
365,Brenda Lee,Jingle Bell Rock,0MKnGJzNdEqOscI6xu9R3m,66
366,Brenda Lee,Silent Night,12NdcmM8QnG6dWXW7hZ2XV,15
367,Brenda Lee,Rockin' Around The Christmas Tree - Single Version,73ntXYHaz545meJDF3AICU,1
368,Brenda Lee,A Marshmallow World,6Eh1XqjaOX2BVL0hVCnwb0,62
369,Brenda Lee,Silent Night - Re-Recorded Version,6fh0ZLnQw66CnuuaUzwc1P,2
370,Juice WRLD,Juice WRLD Speaks 2,2pumRJcJLkPPejrEvwLAlu,74
371,Juice WRLD,Already Dead,7qM1BWAsZMTYh4BcYLb0uQ,88
372,Juice WRLD,Wishing Well,2U5WueTLIK5WJLD7mvDODv,85
373,Juice WRLD,Juice WRLD Speaks,1fw2lym3kCvhxbIs8UQGHk,74
374,Eminem,Godzilla (feat. Juice WRLD),7FIWs0pqAYbP91WWM0vlTQ,86
375,Juice WRLD,Lucid Dreams,285pBltuF7vW8TeWk8hdRR,88
376,Juice WRLD,Juice WRLD Speaks From Heaven - Outro,1OjiYjgPZyxS0AiXiSnuYI,61
377,Juice WRLD,Wandered To LA (with Justin Bieber),5J6rTmMjF9DVIAF8G3M9n4,86
378,Juice WRLD,Robbery,6Hj9jySrnFppAI0sEMCZpJ,86
379,Juice WRLD,Burn,0QwKxajohg1rAMMmv1AWe1,83
380,Mariah Carey,All I Want for Christmas Is You,0bYg9bo50gSsH3LtXe2SQn,97
381,Mariah Carey,Vision of Love,0gLQ6jhJsyYfl7PrD1RZ7X,60
382,Mariah Carey,Christmas (Baby Please Come Home),3PIDciSFdrQxSQSihim3hN,86
383,Mariah Carey,Dreamlover,6HcQZfMrw3KwGyzrKw1Pjy,61
384,Mariah Carey,Oh Santa! (feat. Ariana Grande & Jennifer Hudson),1Ri9P0ZPrqr6h0REDRdJBd,80
385,Mariah Carey,We Belong Together,3LmvfNUQtglbTrydsdIqFU,72
386,Mariah Carey,Fantasy (feat. O.D.B.) - Bad Boy Fantasy,10uRkDT2LoYDJnzgacTXKx,39
387,Mariah Carey,Fantasy,6xkryXuiZU360Lngd4sx13,77
388,Mariah Carey,It's Like That,7zL9xrz5krsuC6qVNluQQw,58
389,Mariah Carey,O Holy Night,3B7FO3kJ5kv3mX7yiaB7sT,78
390,Juice WRLD,Juice WRLD Speaks 2,2pumRJcJLkPPejrEvwLAlu,74
391,Juice WRLD,Already Dead,7qM1BWAsZMTYh4BcYLb0uQ,88
392,Juice WRLD,Wishing Well,2U5WueTLIK5WJLD7mvDODv,85
393,Juice WRLD,Juice WRLD Speaks,1fw2lym3kCvhxbIs8UQGHk,74
394,Eminem,Godzilla (feat. Juice WRLD),7FIWs0pqAYbP91WWM0vlTQ,86
395,Juice WRLD,Lucid Dreams,285pBltuF7vW8TeWk8hdRR,88
396,Juice WRLD,Juice WRLD Speaks From Heaven - Outro,1OjiYjgPZyxS0AiXiSnuYI,61
397,Juice WRLD,Wandered To LA (with Justin Bieber),5J6rTmMjF9DVIAF8G3M9n4,86
398,Juice WRLD,Robbery,6Hj9jySrnFppAI0sEMCZpJ,86
399,Juice WRLD,Burn,0QwKxajohg1rAMMmv1AWe1,83
400,Juice WRLD,Juice WRLD Speaks 2,2pumRJcJLkPPejrEvwLAlu,74
401,Juice WRLD,Already Dead,7qM1BWAsZMTYh4BcYLb0uQ,88
402,Juice WRLD,Wishing Well,2U5WueTLIK5WJLD7mvDODv,85
403,Juice WRLD,Juice WRLD Speaks,1fw2lym3kCvhxbIs8UQGHk,74
404,Eminem,Godzilla (feat. Juice WRLD),7FIWs0pqAYbP91WWM0vlTQ,86
405,Juice WRLD,Lucid Dreams,285pBltuF7vW8TeWk8hdRR,88
406,Juice WRLD,Juice WRLD Speaks From Heaven - Outro,1OjiYjgPZyxS0AiXiSnuYI,61
407,Juice WRLD,Wandered To LA (with Justin Bieber),5J6rTmMjF9DVIAF8G3M9n4,86
408,Juice WRLD,Robbery,6Hj9jySrnFppAI0sEMCZpJ,86
409,Juice WRLD,Burn,0QwKxajohg1rAMMmv1AWe1,83
410,Juice WRLD,Juice WRLD Speaks 2,2pumRJcJLkPPejrEvwLAlu,74
411,Juice WRLD,Already Dead,7qM1BWAsZMTYh4BcYLb0uQ,88
412,Juice WRLD,Wishing Well,2U5WueTLIK5WJLD7mvDODv,85
413,Juice WRLD,Juice WRLD Speaks,1fw2lym3kCvhxbIs8UQGHk,74
414,Eminem,Godzilla (feat. Juice WRLD),7FIWs0pqAYbP91WWM0vlTQ,86
415,Juice WRLD,Lucid Dreams,285pBltuF7vW8TeWk8hdRR,88
416,Juice WRLD,Juice WRLD Speaks From Heaven - Outro,1OjiYjgPZyxS0AiXiSnuYI,61
417,Juice WRLD,Wandered To LA (with Justin Bieber),5J6rTmMjF9DVIAF8G3M9n4,86
418,Juice WRLD,Robbery,6Hj9jySrnFppAI0sEMCZpJ,86
419,Juice WRLD,Burn,0QwKxajohg1rAMMmv1AWe1,83
420,Juice WRLD,Juice WRLD Speaks 2,2pumRJcJLkPPejrEvwLAlu,74
421,Juice WRLD,Already Dead,7qM1BWAsZMTYh4BcYLb0uQ,88
422,Juice WRLD,Wishing Well,2U5WueTLIK5WJLD7mvDODv,85
423,Juice WRLD,Juice WRLD Speaks,1fw2lym3kCvhxbIs8UQGHk,74
424,Eminem,Godzilla (feat. Juice WRLD),7FIWs0pqAYbP91WWM0vlTQ,86
425,Juice WRLD,Lucid Dreams,285pBltuF7vW8TeWk8hdRR,88
426,Juice WRLD,Juice WRLD Speaks From Heaven - Outro,1OjiYjgPZyxS0AiXiSnuYI,61
427,Juice WRLD,Wandered To LA (with Justin Bieber),5J6rTmMjF9DVIAF8G3M9n4,86
428,Juice WRLD,Robbery,6Hj9jySrnFppAI0sEMCZpJ,86
429,Juice WRLD,Burn,0QwKxajohg1rAMMmv1AWe1,83
430,Juice WRLD,Juice WRLD Speaks 2,2pumRJcJLkPPejrEvwLAlu,74
431,Juice WRLD,Already Dead,7qM1BWAsZMTYh4BcYLb0uQ,88
432,Juice WRLD,Wishing Well,2U5WueTLIK5WJLD7mvDODv,85
433,Juice WRLD,Juice WRLD Speaks,1fw2lym3kCvhxbIs8UQGHk,74
434,Eminem,Godzilla (feat. Juice WRLD),7FIWs0pqAYbP91WWM0vlTQ,86
435,Juice WRLD,Lucid Dreams,285pBltuF7vW8TeWk8hdRR,88
436,Juice WRLD,Juice WRLD Speaks From Heaven - Outro,1OjiYjgPZyxS0AiXiSnuYI,61
437,Juice WRLD,Wandered To LA (with Justin Bieber),5J6rTmMjF9DVIAF8G3M9n4,86
438,Juice WRLD,Robbery,6Hj9jySrnFppAI0sEMCZpJ,86
439,Juice WRLD,Burn,0QwKxajohg1rAMMmv1AWe1,83
440,Juice WRLD,Juice WRLD Speaks 2,2pumRJcJLkPPejrEvwLAlu,74
441,Juice WRLD,Already Dead,7qM1BWAsZMTYh4BcYLb0uQ,88
442,Juice WRLD,Wishing Well,2U5WueTLIK5WJLD7mvDODv,85
443,Juice WRLD,Juice WRLD Speaks,1fw2lym3kCvhxbIs8UQGHk,74
444,Eminem,Godzilla (feat. Juice WRLD),7FIWs0pqAYbP91WWM0vlTQ,86
445,Juice WRLD,Lucid Dreams,285pBltuF7vW8TeWk8hdRR,88
446,Juice WRLD,Juice WRLD Speaks From Heaven - Outro,1OjiYjgPZyxS0AiXiSnuYI,61
447,Juice WRLD,Wandered To LA (with Justin Bieber),5J6rTmMjF9DVIAF8G3M9n4,86
448,Juice WRLD,Robbery,6Hj9jySrnFppAI0sEMCZpJ,86
449,Juice WRLD,Burn,0QwKxajohg1rAMMmv1AWe1,83
450,Juice WRLD,Juice WRLD Speaks 2,2pumRJcJLkPPejrEvwLAlu,74
451,Juice WRLD,Already Dead,7qM1BWAsZMTYh4BcYLb0uQ,88
452,Juice WRLD,Wishing Well,2U5WueTLIK5WJLD7mvDODv,85
453,Juice WRLD,Juice WRLD Speaks,1fw2lym3kCvhxbIs8UQGHk,74
454,Eminem,Godzilla (feat. Juice WRLD),7FIWs0pqAYbP91WWM0vlTQ,86
455,Juice WRLD,Lucid Dreams,285pBltuF7vW8TeWk8hdRR,88
456,Juice WRLD,Juice WRLD Speaks From Heaven - Outro,1OjiYjgPZyxS0AiXiSnuYI,61
457,Juice WRLD,Wandered To LA (with Justin Bieber),5J6rTmMjF9DVIAF8G3M9n4,86
458,Juice WRLD,Robbery,6Hj9jySrnFppAI0sEMCZpJ,86
459,Juice WRLD,Burn,0QwKxajohg1rAMMmv1AWe1,83
460,Brenda Lee,Rockin' Around The Christmas Tree,2EjXfH91m7f8HiJN1yQg97,94
461,Brenda Lee,Silent Night,0FgRRFGfk9OwwbL1xaepiS,27
462,Brenda Lee,Rockin' Around the Christmas Tree,09OojFvtrM9YRzRjnXqJjA,75
463,Brenda Lee,Silent Night - Rerecorded Version,0tnrdzVFNxP7ihDCYkKFOV,23
464,Brenda Lee,Rockin' Around the Christmas Tree,6DZ0ut4MATfUe4YMsNOPHy,72
465,Brenda Lee,Jingle Bell Rock,0MKnGJzNdEqOscI6xu9R3m,66
466,Brenda Lee,Silent Night,12NdcmM8QnG6dWXW7hZ2XV,15
467,Brenda Lee,Rockin' Around The Christmas Tree - Single Version,73ntXYHaz545meJDF3AICU,1
468,Brenda Lee,A Marshmallow World,6Eh1XqjaOX2BVL0hVCnwb0,62
469,Brenda Lee,Silent Night - Re-Recorded Version,6fh0ZLnQw66CnuuaUzwc1P,2
470,Juice WRLD,Juice WRLD Speaks 2,2pumRJcJLkPPejrEvwLAlu,74
471,Juice WRLD,Already Dead,7qM1BWAsZMTYh4BcYLb0uQ,88
472,Juice WRLD,Wishing Well,2U5WueTLIK5WJLD7mvDODv,85
473,Juice WRLD,Juice WRLD Speaks,1fw2lym3kCvhxbIs8UQGHk,74
474,Eminem,Godzilla (feat. Juice WRLD),7FIWs0pqAYbP91WWM0vlTQ,86
475,Juice WRLD,Lucid Dreams,285pBltuF7vW8TeWk8hdRR,88
476,Juice WRLD,Juice WRLD Speaks From Heaven - Outro,1OjiYjgPZyxS0AiXiSnuYI,61
477,Juice WRLD,Wandered To LA (with Justin Bieber),5J6rTmMjF9DVIAF8G3M9n4,86
478,Juice WRLD,Robbery,6Hj9jySrnFppAI0sEMCZpJ,86
479,Juice WRLD,Burn,0QwKxajohg1rAMMmv1AWe1,83
480,Mariah Carey,All I Want for Christmas Is You,0bYg9bo50gSsH3LtXe2SQn,97
481,Mariah Carey,Vision of Love,0gLQ6jhJsyYfl7PrD1RZ7X,60
482,Mariah Carey,Christmas (Baby Please Come Home),3PIDciSFdrQxSQSihim3hN,86
483,Mariah Carey,Dreamlover,6HcQZfMrw3KwGyzrKw1Pjy,61
484,Mariah Carey,Oh Santa! (feat. Ariana Grande & Jennifer Hudson),1Ri9P0ZPrqr6h0REDRdJBd,80
485,Mariah Carey,We Belong Together,3LmvfNUQtglbTrydsdIqFU,72
486,Mariah Carey,Fantasy (feat. O.D.B.) - Bad Boy Fantasy,10uRkDT2LoYDJnzgacTXKx,39
487,Mariah Carey,Fantasy,6xkryXuiZU360Lngd4sx13,77
488,Mariah Carey,It's Like That,7zL9xrz5krsuC6qVNluQQw,58
489,Mariah Carey,O Holy Night,3B7FO3kJ5kv3mX7yiaB7sT,78
490,Juice WRLD,Juice WRLD Speaks 2,2pumRJcJLkPPejrEvwLAlu,74
491,Juice WRLD,Already Dead,7qM1BWAsZMTYh4BcYLb0uQ,88
492,Juice WRLD,Wishing Well,2U5WueTLIK5WJLD7mvDODv,85
493,Juice WRLD,Juice WRLD Speaks,1fw2lym3kCvhxbIs8UQGHk,74
494,Eminem,Godzilla (feat. Juice WRLD),7FIWs0pqAYbP91WWM0vlTQ,86
495,Juice WRLD,Lucid Dreams,285pBltuF7vW8TeWk8hdRR,88
496,Juice WRLD,Juice WRLD Speaks From Heaven - Outro,1OjiYjgPZyxS0AiXiSnuYI,61
497,Juice WRLD,Wandered To LA (with Justin Bieber),5J6rTmMjF9DVIAF8G3M9n4,86
498,Juice WRLD,Robbery,6Hj9jySrnFppAI0sEMCZpJ,86
499,Juice WRLD,Burn,0QwKxajohg1rAMMmv1AWe1,83
500,Juice WRLD,Juice WRLD Speaks 2,2pumRJcJLkPPejrEvwLAlu,74
501,Juice WRLD,Already Dead,7qM1BWAsZMTYh4BcYLb0uQ,88
502,Juice WRLD,Wishing Well,2U5WueTLIK5WJLD7mvDODv,85
503,Juice WRLD,Juice WRLD Speaks,1fw2lym3kCvhxbIs8UQGHk,74
504,Eminem,Godzilla (feat. Juice WRLD),7FIWs0pqAYbP91WWM0vlTQ,86
505,Juice WRLD,Lucid Dreams,285pBltuF7vW8TeWk8hdRR,88
506,Juice WRLD,Juice WRLD Speaks From Heaven - Outro,1OjiYjgPZyxS0AiXiSnuYI,61
507,Juice WRLD,Wandered To LA (with Justin Bieber),5J6rTmMjF9DVIAF8G3M9n4,86
508,Juice WRLD,Robbery,6Hj9jySrnFppAI0sEMCZpJ,86
509,Juice WRLD,Burn,0QwKxajohg1rAMMmv1AWe1,83
510,Juice WRLD,Juice WRLD Speaks 2,2pumRJcJLkPPejrEvwLAlu,74
511,Juice WRLD,Already Dead,7qM1BWAsZMTYh4BcYLb0uQ,88
512,Juice WRLD,Wishing Well,2U5WueTLIK5WJLD7mvDODv,85
513,Juice WRLD,Juice WRLD Speaks,1fw2lym3kCvhxbIs8UQGHk,74
514,Eminem,Godzilla (feat. Juice WRLD),7FIWs0pqAYbP91WWM0vlTQ,86
515,Juice WRLD,Lucid Dreams,285pBltuF7vW8TeWk8hdRR,88
516,Juice WRLD,Juice WRLD Speaks From Heaven - Outro,1OjiYjgPZyxS0AiXiSnuYI,61
517,Juice WRLD,Wandered To LA (with Justin Bieber),5J6rTmMjF9DVIAF8G3M9n4,86
518,Juice WRLD,Robbery,6Hj9jySrnFppAI0sEMCZpJ,86
519,Juice WRLD,Burn,0QwKxajohg1rAMMmv1AWe1,83
520,Juice WRLD,Juice WRLD Speaks 2,2pumRJcJLkPPejrEvwLAlu,74
521,Juice WRLD,Already Dead,7qM1BWAsZMTYh4BcYLb0uQ,88
522,Juice WRLD,Wishing Well,2U5WueTLIK5WJLD7mvDODv,85
523,Juice WRLD,Juice WRLD Speaks,1fw2lym3kCvhxbIs8UQGHk,74
524,Eminem,Godzilla (feat. Juice WRLD),7FIWs0pqAYbP91WWM0vlTQ,86
525,Juice WRLD,Lucid Dreams,285pBltuF7vW8TeWk8hdRR,88
526,Juice WRLD,Juice WRLD Speaks From Heaven - Outro,1OjiYjgPZyxS0AiXiSnuYI,61
527,Juice WRLD,Wandered To LA (with Justin Bieber),5J6rTmMjF9DVIAF8G3M9n4,86
528,Juice WRLD,Robbery,6Hj9jySrnFppAI0sEMCZpJ,86
529,Juice WRLD,Burn,0QwKxajohg1rAMMmv1AWe1,83
530,Juice WRLD,Juice WRLD Speaks 2,2pumRJcJLkPPejrEvwLAlu,74
531,Juice WRLD,Already Dead,7qM1BWAsZMTYh4BcYLb0uQ,88
532,Juice WRLD,Wishing Well,2U5WueTLIK5WJLD7mvDODv,85
533,Juice WRLD,Juice WRLD Speaks,1fw2lym3kCvhxbIs8UQGHk,74
534,Eminem,Godzilla (feat. Juice WRLD),7FIWs0pqAYbP91WWM0vlTQ,86
535,Juice WRLD,Lucid Dreams,285pBltuF7vW8TeWk8hdRR,88
536,Juice WRLD,Juice WRLD Speaks From Heaven - Outro,1OjiYjgPZyxS0AiXiSnuYI,61
537,Juice WRLD,Wandered To LA (with Justin Bieber),5J6rTmMjF9DVIAF8G3M9n4,86
538,Juice WRLD,Robbery,6Hj9jySrnFppAI0sEMCZpJ,86
539,Juice WRLD,Burn,0QwKxajohg1rAMMmv1AWe1,83
540,Juice WRLD,Juice WRLD Speaks 2,2pumRJcJLkPPejrEvwLAlu,74
541,Juice WRLD,Already Dead,7qM1BWAsZMTYh4BcYLb0uQ,88
542,Juice WRLD,Wishing Well,2U5WueTLIK5WJLD7mvDODv,85
543,Juice WRLD,Juice WRLD Speaks,1fw2lym3kCvhxbIs8UQGHk,74
544,Eminem,Godzilla (feat. Juice WRLD),7FIWs0pqAYbP91WWM0vlTQ,86
545,Juice WRLD,Lucid Dreams,285pBltuF7vW8TeWk8hdRR,88
546,Juice WRLD,Juice WRLD Speaks From Heaven - Outro,1OjiYjgPZyxS0AiXiSnuYI,61
547,Juice WRLD,Wandered To LA (with Justin Bieber),5J6rTmMjF9DVIAF8G3M9n4,86
548,Juice WRLD,Robbery,6Hj9jySrnFppAI0sEMCZpJ,86
549,Juice WRLD,Burn,0QwKxajohg1rAMMmv1AWe1,83
550,Juice WRLD,Juice WRLD Speaks 2,2pumRJcJLkPPejrEvwLAlu,74
551,Juice WRLD,Already Dead,7qM1BWAsZMTYh4BcYLb0uQ,88
552,Juice WRLD,Wishing Well,2U5WueTLIK5WJLD7mvDODv,85
553,Juice WRLD,Juice WRLD Speaks,1fw2lym3kCvhxbIs8UQGHk,74
554,Eminem,Godzilla (feat. Juice WRLD),7FIWs0pqAYbP91WWM0vlTQ,86
555,Juice WRLD,Lucid Dreams,285pBltuF7vW8TeWk8hdRR,88
556,Juice WRLD,Juice WRLD Speaks From Heaven - Outro,1OjiYjgPZyxS0AiXiSnuYI,61
557,Juice WRLD,Wandered To LA (with Justin Bieber),5J6rTmMjF9DVIAF8G3M9n4,86
558,Juice WRLD,Robbery,6Hj9jySrnFppAI0sEMCZpJ,86
559,Juice WRLD,Burn,0QwKxajohg1rAMMmv1AWe1,83
560,Brenda Lee,Rockin' Around The Christmas Tree,2EjXfH91m7f8HiJN1yQg97,94
561,Brenda Lee,Silent Night,0FgRRFGfk9OwwbL1xaepiS,27
562,Brenda Lee,Rockin' Around the Christmas Tree,09OojFvtrM9YRzRjnXqJjA,75
563,Brenda Lee,Silent Night - Rerecorded Version,0tnrdzVFNxP7ihDCYkKFOV,23
564,Brenda Lee,Rockin' Around the Christmas Tree,6DZ0ut4MATfUe4YMsNOPHy,72
565,Brenda Lee,Jingle Bell Rock,0MKnGJzNdEqOscI6xu9R3m,66
566,Brenda Lee,Silent Night,12NdcmM8QnG6dWXW7hZ2XV,15
567,Brenda Lee,Rockin' Around The Christmas Tree - Single Version,73ntXYHaz545meJDF3AICU,1
568,Brenda Lee,A Marshmallow World,6Eh1XqjaOX2BVL0hVCnwb0,62
569,Brenda Lee,Silent Night - Re-Recorded Version,6fh0ZLnQw66CnuuaUzwc1P,2
570,Juice WRLD,Juice WRLD Speaks 2,2pumRJcJLkPPejrEvwLAlu,74
571,Juice WRLD,Already Dead,7qM1BWAsZMTYh4BcYLb0uQ,88
572,Juice WRLD,Wishing Well,2U5WueTLIK5WJLD7mvDODv,85
573,Juice WRLD,Juice WRLD Speaks,1fw2lym3kCvhxbIs8UQGHk,74
574,Eminem,Godzilla (feat. Juice WRLD),7FIWs0pqAYbP91WWM0vlTQ,86
575,Juice WRLD,Lucid Dreams,285pBltuF7vW8TeWk8hdRR,88
576,Juice WRLD,Juice WRLD Speaks From Heaven - Outro,1OjiYjgPZyxS0AiXiSnuYI,61
577,Juice WRLD,Wandered To LA (with Justin Bieber),5J6rTmMjF9DVIAF8G3M9n4,86
578,Juice WRLD,Robbery,6Hj9jySrnFppAI0sEMCZpJ,86
579,Juice WRLD,Burn,0QwKxajohg1rAMMmv1AWe1,83
580,Mariah Carey,All I Want for Christmas Is You,0bYg9bo50gSsH3LtXe2SQn,97
581,Mariah Carey,Vision of Love,0gLQ6jhJsyYfl7PrD1RZ7X,60
582,Mariah Carey,Christmas (Baby Please Come Home),3PIDciSFdrQxSQSihim3hN,86
583,Mariah Carey,Dreamlover,6HcQZfMrw3KwGyzrKw1Pjy,61
584,Mariah Carey,Oh Santa! (feat. Ariana Grande & Jennifer Hudson),1Ri9P0ZPrqr6h0REDRdJBd,80
585,Mariah Carey,We Belong Together,3LmvfNUQtglbTrydsdIqFU,72
586,Mariah Carey,Fantasy (feat. O.D.B.) - Bad Boy Fantasy,10uRkDT2LoYDJnzgacTXKx,39
587,Mariah Carey,Fantasy,6xkryXuiZU360Lngd4sx13,77
588,Mariah Carey,It's Like That,7zL9xrz5krsuC6qVNluQQw,58
589,Mariah Carey,O Holy Night,3B7FO3kJ5kv3mX7yiaB7sT,78
590,Juice WRLD,Juice WRLD Speaks 2,2pumRJcJLkPPejrEvwLAlu,74
591,Juice WRLD,Already Dead,7qM1BWAsZMTYh4BcYLb0uQ,88
592,Juice WRLD,Wishing Well,2U5WueTLIK5WJLD7mvDODv,85
593,Juice WRLD,Juice WRLD Speaks,1fw2lym3kCvhxbIs8UQGHk,74
594,Eminem,Godzilla (feat. Juice WRLD),7FIWs0pqAYbP91WWM0vlTQ,86
595,Juice WRLD,Lucid Dreams,285pBltuF7vW8TeWk8hdRR,88
596,Juice WRLD,Juice WRLD Speaks From Heaven - Outro,1OjiYjgPZyxS0AiXiSnuYI,61
597,Juice WRLD,Wandered To LA (with Justin Bieber),5J6rTmMjF9DVIAF8G3M9n4,86
598,Juice WRLD,Robbery,6Hj9jySrnFppAI0sEMCZpJ,86
599,Juice WRLD,Burn,0QwKxajohg1rAMMmv1AWe1,83
600,Juice WRLD,Juice WRLD Speaks 2,2pumRJcJLkPPejrEvwLAlu,74
601,Juice WRLD,Already Dead,7qM1BWAsZMTYh4BcYLb0uQ,88
602,Juice WRLD,Wishing Well,2U5WueTLIK5WJLD7mvDODv,85
603,Juice WRLD,Juice WRLD Speaks,1fw2lym3kCvhxbIs8UQGHk,74
604,Eminem,Godzilla (feat. Juice WRLD),7FIWs0pqAYbP91WWM0vlTQ,86
605,Juice WRLD,Lucid Dreams,285pBltuF7vW8TeWk8hdRR,88
606,Juice WRLD,Juice WRLD Speaks From Heaven - Outro,1OjiYjgPZyxS0AiXiSnuYI,61
607,Juice WRLD,Wandered To LA (with Justin Bieber),5J6rTmMjF9DVIAF8G3M9n4,86
608,Juice WRLD,Robbery,6Hj9jySrnFppAI0sEMCZpJ,86
609,Juice WRLD,Burn,0QwKxajohg1rAMMmv1AWe1,83
610,Juice WRLD,Juice WRLD Speaks 2,2pumRJcJLkPPejrEvwLAlu,74
611,Juice WRLD,Already Dead,7qM1BWAsZMTYh4BcYLb0uQ,88
612,Juice WRLD,Wishing Well,2U5WueTLIK5WJLD7mvDODv,85
613,Juice WRLD,Juice WRLD Speaks,1fw2lym3kCvhxbIs8UQGHk,74
614,Eminem,Godzilla (feat. Juice WRLD),7FIWs0pqAYbP91WWM0vlTQ,86
615,Juice WRLD,Lucid Dreams,285pBltuF7vW8TeWk8hdRR,88
616,Juice WRLD,Juice WRLD Speaks From Heaven - Outro,1OjiYjgPZyxS0AiXiSnuYI,61
617,Juice WRLD,Wandered To LA (with Justin Bieber),5J6rTmMjF9DVIAF8G3M9n4,86
618,Juice WRLD,Robbery,6Hj9jySrnFppAI0sEMCZpJ,86
619,Juice WRLD,Burn,0QwKxajohg1rAMMmv1AWe1,83
620,Juice WRLD,Juice WRLD Speaks 2,2pumRJcJLkPPejrEvwLAlu,74
621,Juice WRLD,Already Dead,7qM1BWAsZMTYh4BcYLb0uQ,88
622,Juice WRLD,Wishing Well,2U5WueTLIK5WJLD7mvDODv,85
623,Juice WRLD,Juice WRLD Speaks,1fw2lym3kCvhxbIs8UQGHk,74
624,Eminem,Godzilla (feat. Juice WRLD),7FIWs0pqAYbP91WWM0vlTQ,86
625,Juice WRLD,Lucid Dreams,285pBltuF7vW8TeWk8hdRR,88
626,Juice WRLD,Juice WRLD Speaks From Heaven - Outro,1OjiYjgPZyxS0AiXiSnuYI,61
627,Juice WRLD,Wandered To LA (with Justin Bieber),5J6rTmMjF9DVIAF8G3M9n4,86
628,Juice WRLD,Robbery,6Hj9jySrnFppAI0sEMCZpJ,86
629,Juice WRLD,Burn,0QwKxajohg1rAMMmv1AWe1,83
630,Juice WRLD,Juice WRLD Speaks 2,2pumRJcJLkPPejrEvwLAlu,74
631,Juice WRLD,Already Dead,7qM1BWAsZMTYh4BcYLb0uQ,88
632,Juice WRLD,Wishing Well,2U5WueTLIK5WJLD7mvDODv,85
633,Juice WRLD,Juice WRLD Speaks,1fw2lym3kCvhxbIs8UQGHk,74
634,Eminem,Godzilla (feat. Juice WRLD),7FIWs0pqAYbP91WWM0vlTQ,86
635,Juice WRLD,Lucid Dreams,285pBltuF7vW8TeWk8hdRR,88
636,Juice WRLD,Juice WRLD Speaks From Heaven - Outro,1OjiYjgPZyxS0AiXiSnuYI,61
637,Juice WRLD,Wandered To LA (with Justin Bieber),5J6rTmMjF9DVIAF8G3M9n4,86
638,Juice WRLD,Robbery,6Hj9jySrnFppAI0sEMCZpJ,86
639,Juice WRLD,Burn,0QwKxajohg1rAMMmv1AWe1,83
640,Juice WRLD,Juice WRLD Speaks 2,2pumRJcJLkPPejrEvwLAlu,74
641,Juice WRLD,Already Dead,7qM1BWAsZMTYh4BcYLb0uQ,88
642,Juice WRLD,Wishing Well,2U5WueTLIK5WJLD7mvDODv,85
643,Juice WRLD,Juice WRLD Speaks,1fw2lym3kCvhxbIs8UQGHk,74
644,Eminem,Godzilla (feat. Juice WRLD),7FIWs0pqAYbP91WWM0vlTQ,86
645,Juice WRLD,Lucid Dreams,285pBltuF7vW8TeWk8hdRR,88
646,Juice WRLD,Juice WRLD Speaks From Heaven - Outro,1OjiYjgPZyxS0AiXiSnuYI,61
647,Juice WRLD,Wandered To LA (with Justin Bieber),5J6rTmMjF9DVIAF8G3M9n4,86
648,Juice WRLD,Robbery,6Hj9jySrnFppAI0sEMCZpJ,86
649,Juice WRLD,Burn,0QwKxajohg1rAMMmv1AWe1,83
650,Juice WRLD,Juice WRLD Speaks 2,2pumRJcJLkPPejrEvwLAlu,74
651,Juice WRLD,Already Dead,7qM1BWAsZMTYh4BcYLb0uQ,88
652,Juice WRLD,Wishing Well,2U5WueTLIK5WJLD7mvDODv,85
653,Juice WRLD,Juice WRLD Speaks,1fw2lym3kCvhxbIs8UQGHk,74
654,Eminem,Godzilla (feat. Juice WRLD),7FIWs0pqAYbP91WWM0vlTQ,86
655,Juice WRLD,Lucid Dreams,285pBltuF7vW8TeWk8hdRR,88
656,Juice WRLD,Juice WRLD Speaks From Heaven - Outro,1OjiYjgPZyxS0AiXiSnuYI,61
657,Juice WRLD,Wandered To LA (with Justin Bieber),5J6rTmMjF9DVIAF8G3M9n4,86
658,Juice WRLD,Robbery,6Hj9jySrnFppAI0sEMCZpJ,86
659,Juice WRLD,Burn,0QwKxajohg1rAMMmv1AWe1,83
660,Brenda Lee,Rockin' Around The Christmas Tree,2EjXfH91m7f8HiJN1yQg97,94
661,Brenda Lee,Silent Night,0FgRRFGfk9OwwbL1xaepiS,27
662,Brenda Lee,Rockin' Around the Christmas Tree,09OojFvtrM9YRzRjnXqJjA,75
663,Brenda Lee,Silent Night - Rerecorded Version,0tnrdzVFNxP7ihDCYkKFOV,23
664,Brenda Lee,Rockin' Around the Christmas Tree,6DZ0ut4MATfUe4YMsNOPHy,72
665,Brenda Lee,Jingle Bell Rock,0MKnGJzNdEqOscI6xu9R3m,66
666,Brenda Lee,Silent Night,12NdcmM8QnG6dWXW7hZ2XV,15
667,Brenda Lee,Rockin' Around The Christmas Tree - Single Version,73ntXYHaz545meJDF3AICU,1
668,Brenda Lee,A Marshmallow World,6Eh1XqjaOX2BVL0hVCnwb0,62
669,Brenda Lee,Silent Night - Re-Recorded Version,6fh0ZLnQw66CnuuaUzwc1P,2
670,Juice WRLD,Juice WRLD Speaks 2,2pumRJcJLkPPejrEvwLAlu,74
671,Juice WRLD,Already Dead,7qM1BWAsZMTYh4BcYLb0uQ,88
672,Juice WRLD,Wishing Well,2U5WueTLIK5WJLD7mvDODv,85
673,Juice WRLD,Juice WRLD Speaks,1fw2lym3kCvhxbIs8UQGHk,74
674,Eminem,Godzilla (feat. Juice WRLD),7FIWs0pqAYbP91WWM0vlTQ,86
675,Juice WRLD,Lucid Dreams,285pBltuF7vW8TeWk8hdRR,88
676,Juice WRLD,Juice WRLD Speaks From Heaven - Outro,1OjiYjgPZyxS0AiXiSnuYI,61
677,Juice WRLD,Wandered To LA (with Justin Bieber),5J6rTmMjF9DVIAF8G3M9n4,86
678,Juice WRLD,Robbery,6Hj9jySrnFppAI0sEMCZpJ,86
679,Juice WRLD,Burn,0QwKxajohg1rAMMmv1AWe1,83
680,Mariah Carey,All I Want for Christmas Is You,0bYg9bo50gSsH3LtXe2SQn,97
681,Mariah Carey,Vision of Love,0gLQ6jhJsyYfl7PrD1RZ7X,60
682,Mariah Carey,Christmas (Baby Please Come Home),3PIDciSFdrQxSQSihim3hN,86
683,Mariah Carey,Dreamlover,6HcQZfMrw3KwGyzrKw1Pjy,61
684,Mariah Carey,Oh Santa! (feat. Ariana Grande & Jennifer Hudson),1Ri9P0ZPrqr6h0REDRdJBd,80
685,Mariah Carey,We Belong Together,3LmvfNUQtglbTrydsdIqFU,72
686,Mariah Carey,Fantasy (feat. O.D.B.) - Bad Boy Fantasy,10uRkDT2LoYDJnzgacTXKx,39
687,Mariah Carey,Fantasy,6xkryXuiZU360Lngd4sx13,77
688,Mariah Carey,It's Like That,7zL9xrz5krsuC6qVNluQQw,58
689,Mariah Carey,O Holy Night,3B7FO3kJ5kv3mX7yiaB7sT,78
690,Juice WRLD,Juice WRLD Speaks 2,2pumRJcJLkPPejrEvwLAlu,74
691,Juice WRLD,Already Dead,7qM1BWAsZMTYh4BcYLb0uQ,88
692,Juice WRLD,Wishing Well,2U5WueTLIK5WJLD7mvDODv,85
693,Juice WRLD,Juice WRLD Speaks,1fw2lym3kCvhxbIs8UQGHk,74
694,Eminem,Godzilla (feat. Juice WRLD),7FIWs0pqAYbP91WWM0vlTQ,86
695,Juice WRLD,Lucid Dreams,285pBltuF7vW8TeWk8hdRR,88
696,Juice WRLD,Juice WRLD Speaks From Heaven - Outro,1OjiYjgPZyxS0AiXiSnuYI,61
697,Juice WRLD,Wandered To LA (with Justin Bieber),5J6rTmMjF9DVIAF8G3M9n4,86
698,Juice WRLD,Robbery,6Hj9jySrnFppAI0sEMCZpJ,86
699,Juice WRLD,Burn,0QwKxajohg1rAMMmv1AWe1,83
700,Juice WRLD,Juice WRLD Speaks 2,2pumRJcJLkPPejrEvwLAlu,74
701,Juice WRLD,Already Dead,7qM1BWAsZMTYh4BcYLb0uQ,88
702,Juice WRLD,Wishing Well,2U5WueTLIK5WJLD7mvDODv,85
703,Juice WRLD,Juice WRLD Speaks,1fw2lym3kCvhxbIs8UQGHk,74
704,Eminem,Godzilla (feat. Juice WRLD),7FIWs0pqAYbP91WWM0vlTQ,86
705,Juice WRLD,Lucid Dreams,285pBltuF7vW8TeWk8hdRR,88
706,Juice WRLD,Juice WRLD Speaks From Heaven - Outro,1OjiYjgPZyxS0AiXiSnuYI,61
707,Juice WRLD,Wandered To LA (with Justin Bieber),5J6rTmMjF9DVIAF8G3M9n4,86
708,Juice WRLD,Robbery,6Hj9jySrnFppAI0sEMCZpJ,86
709,Juice WRLD,Burn,0QwKxajohg1rAMMmv1AWe1,83
710,Juice WRLD,Juice WRLD Speaks 2,2pumRJcJLkPPejrEvwLAlu,74
711,Juice WRLD,Already Dead,7qM1BWAsZMTYh4BcYLb0uQ,88
712,Juice WRLD,Wishing Well,2U5WueTLIK5WJLD7mvDODv,85
713,Juice WRLD,Juice WRLD Speaks,1fw2lym3kCvhxbIs8UQGHk,74
714,Eminem,Godzilla (feat. Juice WRLD),7FIWs0pqAYbP91WWM0vlTQ,86
715,Juice WRLD,Lucid Dreams,285pBltuF7vW8TeWk8hdRR,88
716,Juice WRLD,Juice WRLD Speaks From Heaven - Outro,1OjiYjgPZyxS0AiXiSnuYI,61
717,Juice WRLD,Wandered To LA (with Justin Bieber),5J6rTmMjF9DVIAF8G3M9n4,86
718,Juice WRLD,Robbery,6Hj9jySrnFppAI0sEMCZpJ,86
719,Juice WRLD,Burn,0QwKxajohg1rAMMmv1AWe1,83
720,Juice WRLD,Juice WRLD Speaks 2,2pumRJcJLkPPejrEvwLAlu,74
721,Juice WRLD,Already Dead,7qM1BWAsZMTYh4BcYLb0uQ,88
722,Juice WRLD,Wishing Well,2U5WueTLIK5WJLD7mvDODv,85
723,Juice WRLD,Juice WRLD Speaks,1fw2lym3kCvhxbIs8UQGHk,74
724,Eminem,Godzilla (feat. Juice WRLD),7FIWs0pqAYbP91WWM0vlTQ,86
725,Juice WRLD,Lucid Dreams,285pBltuF7vW8TeWk8hdRR,88
726,Juice WRLD,Juice WRLD Speaks From Heaven - Outro,1OjiYjgPZyxS0AiXiSnuYI,61
727,Juice WRLD,Wandered To LA (with Justin Bieber),5J6rTmMjF9DVIAF8G3M9n4,86
728,Juice WRLD,Robbery,6Hj9jySrnFppAI0sEMCZpJ,86
729,Juice WRLD,Burn,0QwKxajohg1rAMMmv1AWe1,83
730,Juice WRLD,Juice WRLD Speaks 2,2pumRJcJLkPPejrEvwLAlu,74
731,Juice WRLD,Already Dead,7qM1BWAsZMTYh4BcYLb0uQ,88
732,Juice WRLD,Wishing Well,2U5WueTLIK5WJLD7mvDODv,85
733,Juice WRLD,Juice WRLD Speaks,1fw2lym3kCvhxbIs8UQGHk,74
734,Eminem,Godzilla (feat. Juice WRLD),7FIWs0pqAYbP91WWM0vlTQ,86
735,Juice WRLD,Lucid Dreams,285pBltuF7vW8TeWk8hdRR,88
736,Juice WRLD,Juice WRLD Speaks From Heaven - Outro,1OjiYjgPZyxS0AiXiSnuYI,61
737,Juice WRLD,Wandered To LA (with Justin Bieber),5J6rTmMjF9DVIAF8G3M9n4,86
738,Juice WRLD,Robbery,6Hj9jySrnFppAI0sEMCZpJ,86
739,Juice WRLD,Burn,0QwKxajohg1rAMMmv1AWe1,83
740,Juice WRLD,Juice WRLD Speaks 2,2pumRJcJLkPPejrEvwLAlu,74
741,Juice WRLD,Already Dead,7qM1BWAsZMTYh4BcYLb0uQ,88
742,Juice WRLD,Wishing Well,2U5WueTLIK5WJLD7mvDODv,85
743,Juice WRLD,Juice WRLD Speaks,1fw2lym3kCvhxbIs8UQGHk,74
744,Eminem,Godzilla (feat. Juice WRLD),7FIWs0pqAYbP91WWM0vlTQ,86
745,Juice WRLD,Lucid Dreams,285pBltuF7vW8TeWk8hdRR,88
746,Juice WRLD,Juice WRLD Speaks From Heaven - Outro,1OjiYjgPZyxS0AiXiSnuYI,61
747,Juice WRLD,Wandered To LA (with Justin Bieber),5J6rTmMjF9DVIAF8G3M9n4,86
748,Juice WRLD,Robbery,6Hj9jySrnFppAI0sEMCZpJ,86
749,Juice WRLD,Burn,0QwKxajohg1rAMMmv1AWe1,83
750,Juice WRLD,Juice WRLD Speaks 2,2pumRJcJLkPPejrEvwLAlu,74
751,Juice WRLD,Already Dead,7qM1BWAsZMTYh4BcYLb0uQ,88
752,Juice WRLD,Wishing Well,2U5WueTLIK5WJLD7mvDODv,85
753,Juice WRLD,Juice WRLD Speaks,1fw2lym3kCvhxbIs8UQGHk,74
754,Eminem,Godzilla (feat. Juice WRLD),7FIWs0pqAYbP91WWM0vlTQ,86
755,Juice WRLD,Lucid Dreams,285pBltuF7vW8TeWk8hdRR,88
756,Juice WRLD,Juice WRLD Speaks From Heaven - Outro,1OjiYjgPZyxS0AiXiSnuYI,61
757,Juice WRLD,Wandered To LA (with Justin Bieber),5J6rTmMjF9DVIAF8G3M9n4,86
758,Juice WRLD,Robbery,6Hj9jySrnFppAI0sEMCZpJ,86
759,Juice WRLD,Burn,0QwKxajohg1rAMMmv1AWe1,83
760,Brenda Lee,Rockin' Around The Christmas Tree,2EjXfH91m7f8HiJN1yQg97,94
761,Brenda Lee,Silent Night,0FgRRFGfk9OwwbL1xaepiS,27
762,Brenda Lee,Rockin' Around the Christmas Tree,09OojFvtrM9YRzRjnXqJjA,75
763,Brenda Lee,Silent Night - Rerecorded Version,0tnrdzVFNxP7ihDCYkKFOV,23
764,Brenda Lee,Rockin' Around the Christmas Tree,6DZ0ut4MATfUe4YMsNOPHy,72
765,Brenda Lee,Jingle Bell Rock,0MKnGJzNdEqOscI6xu9R3m,66
766,Brenda Lee,Silent Night,12NdcmM8QnG6dWXW7hZ2XV,15
767,Brenda Lee,Rockin' Around The Christmas Tree - Single Version,73ntXYHaz545meJDF3AICU,1
768,Brenda Lee,A Marshmallow World,6Eh1XqjaOX2BVL0hVCnwb0,62
769,Brenda Lee,Silent Night - Re-Recorded Version,6fh0ZLnQw66CnuuaUzwc1P,2
770,Juice WRLD,Juice WRLD Speaks 2,2pumRJcJLkPPejrEvwLAlu,74
771,Juice WRLD,Already Dead,7qM1BWAsZMTYh4BcYLb0uQ,88
772,Juice WRLD,Wishing Well,2U5WueTLIK5WJLD7mvDODv,85
773,Juice WRLD,Juice WRLD Speaks,1fw2lym3kCvhxbIs8UQGHk,74
774,Eminem,Godzilla (feat. Juice WRLD),7FIWs0pqAYbP91WWM0vlTQ,86
775,Juice WRLD,Lucid Dreams,285pBltuF7vW8TeWk8hdRR,88
776,Juice WRLD,Juice WRLD Speaks From Heaven - Outro,1OjiYjgPZyxS0AiXiSnuYI,61
777,Juice WRLD,Wandered To LA (with Justin Bieber),5J6rTmMjF9DVIAF8G3M9n4,86
778,Juice WRLD,Robbery,6Hj9jySrnFppAI0sEMCZpJ,86
779,Juice WRLD,Burn,0QwKxajohg1rAMMmv1AWe1,83
780,Mariah Carey,All I Want for Christmas Is You,0bYg9bo50gSsH3LtXe2SQn,97
781,Mariah Carey,Vision of Love,0gLQ6jhJsyYfl7PrD1RZ7X,60
782,Mariah Carey,Christmas (Baby Please Come Home),3PIDciSFdrQxSQSihim3hN,86
783,Mariah Carey,Dreamlover,6HcQZfMrw3KwGyzrKw1Pjy,61
784,Mariah Carey,Oh Santa! (feat. Ariana Grande & Jennifer Hudson),1Ri9P0ZPrqr6h0REDRdJBd,80
785,Mariah Carey,We Belong Together,3LmvfNUQtglbTrydsdIqFU,72
786,Mariah Carey,Fantasy (feat. O.D.B.) - Bad Boy Fantasy,10uRkDT2LoYDJnzgacTXKx,39
787,Mariah Carey,Fantasy,6xkryXuiZU360Lngd4sx13,77
788,Mariah Carey,It's Like That,7zL9xrz5krsuC6qVNluQQw,58
789,Mariah Carey,O Holy Night,3B7FO3kJ5kv3mX7yiaB7sT,78
790,Juice WRLD,Juice WRLD Speaks 2,2pumRJcJLkPPejrEvwLAlu,74
791,Juice WRLD,Already Dead,7qM1BWAsZMTYh4BcYLb0uQ,88
792,Juice WRLD,Wishing Well,2U5WueTLIK5WJLD7mvDODv,85
793,Juice WRLD,Juice WRLD Speaks,1fw2lym3kCvhxbIs8UQGHk,74
794,Eminem,Godzilla (feat. Juice WRLD),7FIWs0pqAYbP91WWM0vlTQ,86
795,Juice WRLD,Lucid Dreams,285pBltuF7vW8TeWk8hdRR,88
796,Juice WRLD,Juice WRLD Speaks From Heaven - Outro,1OjiYjgPZyxS0AiXiSnuYI,61
797,Juice WRLD,Wandered To LA (with Justin Bieber),5J6rTmMjF9DVIAF8G3M9n4,86
798,Juice WRLD,Robbery,6Hj9jySrnFppAI0sEMCZpJ,86
799,Juice WRLD,Burn,0QwKxajohg1rAMMmv1AWe1,83
800,Juice WRLD,Juice WRLD Speaks 2,2pumRJcJLkPPejrEvwLAlu,74
801,Juice WRLD,Already Dead,7qM1BWAsZMTYh4BcYLb0uQ,88
802,Juice WRLD,Wishing Well,2U5WueTLIK5WJLD7mvDODv,85
803,Juice WRLD,Juice WRLD Speaks,1fw2lym3kCvhxbIs8UQGHk,74
804,Eminem,Godzilla (feat. Juice WRLD),7FIWs0pqAYbP91WWM0vlTQ,86
805,Juice WRLD,Lucid Dreams,285pBltuF7vW8TeWk8hdRR,88
806,Juice WRLD,Juice WRLD Speaks From Heaven - Outro,1OjiYjgPZyxS0AiXiSnuYI,61
807,Juice WRLD,Wandered To LA (with Justin Bieber),5J6rTmMjF9DVIAF8G3M9n4,86
808,Juice WRLD,Robbery,6Hj9jySrnFppAI0sEMCZpJ,86
809,Juice WRLD,Burn,0QwKxajohg1rAMMmv1AWe1,83
810,Juice WRLD,Juice WRLD Speaks 2,2pumRJcJLkPPejrEvwLAlu,74
811,Juice WRLD,Already Dead,7qM1BWAsZMTYh4BcYLb0uQ,88
812,Juice WRLD,Wishing Well,2U5WueTLIK5WJLD7mvDODv,85
813,Juice WRLD,Juice WRLD Speaks,1fw2lym3kCvhxbIs8UQGHk,74
814,Eminem,Godzilla (feat. Juice WRLD),7FIWs0pqAYbP91WWM0vlTQ,86
815,Juice WRLD,Lucid Dreams,285pBltuF7vW8TeWk8hdRR,88
816,Juice WRLD,Juice WRLD Speaks From Heaven - Outro,1OjiYjgPZyxS0AiXiSnuYI,61
817,Juice WRLD,Wandered To LA (with Justin Bieber),5J6rTmMjF9DVIAF8G3M9n4,86
818,Juice WRLD,Robbery,6Hj9jySrnFppAI0sEMCZpJ,86
819,Juice WRLD,Burn,0QwKxajohg1rAMMmv1AWe1,83
820,Juice WRLD,Juice WRLD Speaks 2,2pumRJcJLkPPejrEvwLAlu,74
821,Juice WRLD,Already Dead,7qM1BWAsZMTYh4BcYLb0uQ,88
822,Juice WRLD,Wishing Well,2U5WueTLIK5WJLD7mvDODv,85
823,Juice WRLD,Juice WRLD Speaks,1fw2lym3kCvhxbIs8UQGHk,74
824,Eminem,Godzilla (feat. Juice WRLD),7FIWs0pqAYbP91WWM0vlTQ,86
825,Juice WRLD,Lucid Dreams,285pBltuF7vW8TeWk8hdRR,88
826,Juice WRLD,Juice WRLD Speaks From Heaven - Outro,1OjiYjgPZyxS0AiXiSnuYI,61
827,Juice WRLD,Wandered To LA (with Justin Bieber),5J6rTmMjF9DVIAF8G3M9n4,86
828,Juice WRLD,Robbery,6Hj9jySrnFppAI0sEMCZpJ,86
829,Juice WRLD,Burn,0QwKxajohg1rAMMmv1AWe1,83
830,Juice WRLD,Juice WRLD Speaks 2,2pumRJcJLkPPejrEvwLAlu,74
831,Juice WRLD,Already Dead,7qM1BWAsZMTYh4BcYLb0uQ,88
832,Juice WRLD,Wishing Well,2U5WueTLIK5WJLD7mvDODv,85
833,Juice WRLD,Juice WRLD Speaks,1fw2lym3kCvhxbIs8UQGHk,74
834,Eminem,Godzilla (feat. Juice WRLD),7FIWs0pqAYbP91WWM0vlTQ,86
835,Juice WRLD,Lucid Dreams,285pBltuF7vW8TeWk8hdRR,88
836,Juice WRLD,Juice WRLD Speaks From Heaven - Outro,1OjiYjgPZyxS0AiXiSnuYI,61
837,Juice WRLD,Wandered To LA (with Justin Bieber),5J6rTmMjF9DVIAF8G3M9n4,86
838,Juice WRLD,Robbery,6Hj9jySrnFppAI0sEMCZpJ,86
839,Juice WRLD,Burn,0QwKxajohg1rAMMmv1AWe1,83
840,Juice WRLD,Juice WRLD Speaks 2,2pumRJcJLkPPejrEvwLAlu,74
841,Juice WRLD,Already Dead,7qM1BWAsZMTYh4BcYLb0uQ,88
842,Juice WRLD,Wishing Well,2U5WueTLIK5WJLD7mvDODv,85
843,Juice WRLD,Juice WRLD Speaks,1fw2lym3kCvhxbIs8UQGHk,74
844,Eminem,Godzilla (feat. Juice WRLD),7FIWs0pqAYbP91WWM0vlTQ,86
845,Juice WRLD,Lucid Dreams,285pBltuF7vW8TeWk8hdRR,88
846,Juice WRLD,Juice WRLD Speaks From Heaven - Outro,1OjiYjgPZyxS0AiXiSnuYI,61
847,Juice WRLD,Wandered To LA (with Justin Bieber),5J6rTmMjF9DVIAF8G3M9n4,86
848,Juice WRLD,Robbery,6Hj9jySrnFppAI0sEMCZpJ,86
849,Juice WRLD,Burn,0QwKxajohg1rAMMmv1AWe1,83
850,Juice WRLD,Juice WRLD Speaks 2,2pumRJcJLkPPejrEvwLAlu,74
851,Juice WRLD,Already Dead,7qM1BWAsZMTYh4BcYLb0uQ,88
852,Juice WRLD,Wishing Well,2U5WueTLIK5WJLD7mvDODv,85
853,Juice WRLD,Juice WRLD Speaks,1fw2lym3kCvhxbIs8UQGHk,74
854,Eminem,Godzilla (feat. Juice WRLD),7FIWs0pqAYbP91WWM0vlTQ,86
855,Juice WRLD,Lucid Dreams,285pBltuF7vW8TeWk8hdRR,88
856,Juice WRLD,Juice WRLD Speaks From Heaven - Outro,1OjiYjgPZyxS0AiXiSnuYI,61
857,Juice WRLD,Wandered To LA (with Justin Bieber),5J6rTmMjF9DVIAF8G3M9n4,86
858,Juice WRLD,Robbery,6Hj9jySrnFppAI0sEMCZpJ,86
859,Juice WRLD,Burn,0QwKxajohg1rAMMmv1AWe1,83
860,Brenda Lee,Rockin' Around The Christmas Tree,2EjXfH91m7f8HiJN1yQg97,94
861,Brenda Lee,Silent Night,0FgRRFGfk9OwwbL1xaepiS,27
862,Brenda Lee,Rockin' Around the Christmas Tree,09OojFvtrM9YRzRjnXqJjA,75
863,Brenda Lee,Silent Night - Rerecorded Version,0tnrdzVFNxP7ihDCYkKFOV,23
864,Brenda Lee,Rockin' Around the Christmas Tree,6DZ0ut4MATfUe4YMsNOPHy,72
865,Brenda Lee,Jingle Bell Rock,0MKnGJzNdEqOscI6xu9R3m,66
866,Brenda Lee,Silent Night,12NdcmM8QnG6dWXW7hZ2XV,15
867,Brenda Lee,Rockin' Around The Christmas Tree - Single Version,73ntXYHaz545meJDF3AICU,1
868,Brenda Lee,A Marshmallow World,6Eh1XqjaOX2BVL0hVCnwb0,62
869,Brenda Lee,Silent Night - Re-Recorded Version,6fh0ZLnQw66CnuuaUzwc1P,2
870,Juice WRLD,Juice WRLD Speaks 2,2pumRJcJLkPPejrEvwLAlu,74
871,Juice WRLD,Already Dead,7qM1BWAsZMTYh4BcYLb0uQ,88
872,Juice WRLD,Wishing Well,2U5WueTLIK5WJLD7mvDODv,85
873,Juice WRLD,Juice WRLD Speaks,1fw2lym3kCvhxbIs8UQGHk,74
874,Eminem,Godzilla (feat. Juice WRLD),7FIWs0pqAYbP91WWM0vlTQ,86
875,Juice WRLD,Lucid Dreams,285pBltuF7vW8TeWk8hdRR,88
876,Juice WRLD,Juice WRLD Speaks From Heaven - Outro,1OjiYjgPZyxS0AiXiSnuYI,61
877,Juice WRLD,Wandered To LA (with Justin Bieber),5J6rTmMjF9DVIAF8G3M9n4,86
878,Juice WRLD,Robbery,6Hj9jySrnFppAI0sEMCZpJ,86
879,Juice WRLD,Burn,0QwKxajohg1rAMMmv1AWe1,83
880,Mariah Carey,All I Want for Christmas Is You,0bYg9bo50gSsH3LtXe2SQn,97
881,Mariah Carey,Vision of Love,0gLQ6jhJsyYfl7PrD1RZ7X,60
882,Mariah Carey,Christmas (Baby Please Come Home),3PIDciSFdrQxSQSihim3hN,86
883,Mariah Carey,Dreamlover,6HcQZfMrw3KwGyzrKw1Pjy,61
884,Mariah Carey,Oh Santa! (feat. Ariana Grande & Jennifer Hudson),1Ri9P0ZPrqr6h0REDRdJBd,80
885,Mariah Carey,We Belong Together,3LmvfNUQtglbTrydsdIqFU,72
886,Mariah Carey,Fantasy (feat. O.D.B.) - Bad Boy Fantasy,10uRkDT2LoYDJnzgacTXKx,39
887,Mariah Carey,Fantasy,6xkryXuiZU360Lngd4sx13,77
888,Mariah Carey,It's Like That,7zL9xrz5krsuC6qVNluQQw,58
889,Mariah Carey,O Holy Night,3B7FO3kJ5kv3mX7yiaB7sT,78
890,Juice WRLD,Juice WRLD Speaks 2,2pumRJcJLkPPejrEvwLAlu,74
891,Juice WRLD,Already Dead,7qM1BWAsZMTYh4BcYLb0uQ,88
892,Juice WRLD,Wishing Well,2U5WueTLIK5WJLD7mvDODv,85
893,Juice WRLD,Juice WRLD Speaks,1fw2lym3kCvhxbIs8UQGHk,74
894,Eminem,Godzilla (feat. Juice WRLD),7FIWs0pqAYbP91WWM0vlTQ,86
895,Juice WRLD,Lucid Dreams,285pBltuF7vW8TeWk8hdRR,88
896,Juice WRLD,Juice WRLD Speaks From Heaven - Outro,1OjiYjgPZyxS0AiXiSnuYI,61
897,Juice WRLD,Wandered To LA (with Justin Bieber),5J6rTmMjF9DVIAF8G3M9n4,86
898,Juice WRLD,Robbery,6Hj9jySrnFppAI0sEMCZpJ,86
899,Juice WRLD,Burn,0QwKxajohg1rAMMmv1AWe1,83
900,Juice WRLD,Juice WRLD Speaks 2,2pumRJcJLkPPejrEvwLAlu,74
901,Juice WRLD,Already Dead,7qM1BWAsZMTYh4BcYLb0uQ,88
902,Juice WRLD,Wishing Well,2U5WueTLIK5WJLD7mvDODv,85
903,Juice WRLD,Juice WRLD Speaks,1fw2lym3kCvhxbIs8UQGHk,74
904,Eminem,Godzilla (feat. Juice WRLD),7FIWs0pqAYbP91WWM0vlTQ,86
905,Juice WRLD,Lucid Dreams,285pBltuF7vW8TeWk8hdRR,88
906,Juice WRLD,Juice WRLD Speaks From Heaven - Outro,1OjiYjgPZyxS0AiXiSnuYI,61
907,Juice WRLD,Wandered To LA (with Justin Bieber),5J6rTmMjF9DVIAF8G3M9n4,86
908,Juice WRLD,Robbery,6Hj9jySrnFppAI0sEMCZpJ,86
909,Juice WRLD,Burn,0QwKxajohg1rAMMmv1AWe1,83
910,Juice WRLD,Juice WRLD Speaks 2,2pumRJcJLkPPejrEvwLAlu,74
911,Juice WRLD,Already Dead,7qM1BWAsZMTYh4BcYLb0uQ,88
912,Juice WRLD,Wishing Well,2U5WueTLIK5WJLD7mvDODv,85
913,Juice WRLD,Juice WRLD Speaks,1fw2lym3kCvhxbIs8UQGHk,74
914,Eminem,Godzilla (feat. Juice WRLD),7FIWs0pqAYbP91WWM0vlTQ,86
915,Juice WRLD,Lucid Dreams,285pBltuF7vW8TeWk8hdRR,88
916,Juice WRLD,Juice WRLD Speaks From Heaven - Outro,1OjiYjgPZyxS0AiXiSnuYI,61
917,Juice WRLD,Wandered To LA (with Justin Bieber),5J6rTmMjF9DVIAF8G3M9n4,86
918,Juice WRLD,Robbery,6Hj9jySrnFppAI0sEMCZpJ,86
919,Juice WRLD,Burn,0QwKxajohg1rAMMmv1AWe1,83
920,Juice WRLD,Juice WRLD Speaks 2,2pumRJcJLkPPejrEvwLAlu,74
921,Juice WRLD,Already Dead,7qM1BWAsZMTYh4BcYLb0uQ,88
922,Juice WRLD,Wishing Well,2U5WueTLIK5WJLD7mvDODv,85
923,Juice WRLD,Juice WRLD Speaks,1fw2lym3kCvhxbIs8UQGHk,74
924,Eminem,Godzilla (feat. Juice WRLD),7FIWs0pqAYbP91WWM0vlTQ,86
925,Juice WRLD,Lucid Dreams,285pBltuF7vW8TeWk8hdRR,88
926,Juice WRLD,Juice WRLD Speaks From Heaven - Outro,1OjiYjgPZyxS0AiXiSnuYI,61
927,Juice WRLD,Wandered To LA (with Justin Bieber),5J6rTmMjF9DVIAF8G3M9n4,86
928,Juice WRLD,Robbery,6Hj9jySrnFppAI0sEMCZpJ,86
929,Juice WRLD,Burn,0QwKxajohg1rAMMmv1AWe1,83
930,Juice WRLD,Juice WRLD Speaks 2,2pumRJcJLkPPejrEvwLAlu,74
931,Juice WRLD,Already Dead,7qM1BWAsZMTYh4BcYLb0uQ,88
932,Juice WRLD,Wishing Well,2U5WueTLIK5WJLD7mvDODv,85
933,Juice WRLD,Juice WRLD Speaks,1fw2lym3kCvhxbIs8UQGHk,74
934,Eminem,Godzilla (feat. Juice WRLD),7FIWs0pqAYbP91WWM0vlTQ,86
935,Juice WRLD,Lucid Dreams,285pBltuF7vW8TeWk8hdRR,88
936,Juice WRLD,Juice WRLD Speaks From Heaven - Outro,1OjiYjgPZyxS0AiXiSnuYI,61
937,Juice WRLD,Wandered To LA (with Justin Bieber),5J6rTmMjF9DVIAF8G3M9n4,86
938,Juice WRLD,Robbery,6Hj9jySrnFppAI0sEMCZpJ,86
939,Juice WRLD,Burn,0QwKxajohg1rAMMmv1AWe1,83
940,Juice WRLD,Juice WRLD Speaks 2,2pumRJcJLkPPejrEvwLAlu,74
941,Juice WRLD,Already Dead,7qM1BWAsZMTYh4BcYLb0uQ,88
942,Juice WRLD,Wishing Well,2U5WueTLIK5WJLD7mvDODv,85
943,Juice WRLD,Juice WRLD Speaks,1fw2lym3kCvhxbIs8UQGHk,74
944,Eminem,Godzilla (feat. Juice WRLD),7FIWs0pqAYbP91WWM0vlTQ,86
945,Juice WRLD,Lucid Dreams,285pBltuF7vW8TeWk8hdRR,88
946,Juice WRLD,Juice WRLD Speaks From Heaven - Outro,1OjiYjgPZyxS0AiXiSnuYI,61
947,Juice WRLD,Wandered To LA (with Justin Bieber),5J6rTmMjF9DVIAF8G3M9n4,86
948,Juice WRLD,Robbery,6Hj9jySrnFppAI0sEMCZpJ,86
949,Juice WRLD,Burn,0QwKxajohg1rAMMmv1AWe1,83
950,Juice WRLD,Juice WRLD Speaks 2,2pumRJcJLkPPejrEvwLAlu,74
951,Juice WRLD,Already Dead,7qM1BWAsZMTYh4BcYLb0uQ,88
952,Juice WRLD,Wishing Well,2U5WueTLIK5WJLD7mvDODv,85
953,Juice WRLD,Juice WRLD Speaks,1fw2lym3kCvhxbIs8UQGHk,74
954,Eminem,Godzilla (feat. Juice WRLD),7FIWs0pqAYbP91WWM0vlTQ,86
955,Juice WRLD,Lucid Dreams,285pBltuF7vW8TeWk8hdRR,88
956,Juice WRLD,Juice WRLD Speaks From Heaven - Outro,1OjiYjgPZyxS0AiXiSnuYI,61
957,Juice WRLD,Wandered To LA (with Justin Bieber),5J6rTmMjF9DVIAF8G3M9n4,86
958,Juice WRLD,Robbery,6Hj9jySrnFppAI0sEMCZpJ,86
959,Juice WRLD,Burn,0QwKxajohg1rAMMmv1AWe1,83
960,Brenda Lee,Rockin' Around The Christmas Tree,2EjXfH91m7f8HiJN1yQg97,94
961,Brenda Lee,Silent Night,0FgRRFGfk9OwwbL1xaepiS,27
962,Brenda Lee,Rockin' Around the Christmas Tree,09OojFvtrM9YRzRjnXqJjA,75
963,Brenda Lee,Silent Night - Rerecorded Version,0tnrdzVFNxP7ihDCYkKFOV,23
964,Brenda Lee,Rockin' Around the Christmas Tree,6DZ0ut4MATfUe4YMsNOPHy,72
965,Brenda Lee,Jingle Bell Rock,0MKnGJzNdEqOscI6xu9R3m,66
966,Brenda Lee,Silent Night,12NdcmM8QnG6dWXW7hZ2XV,15
967,Brenda Lee,Rockin' Around The Christmas Tree - Single Version,73ntXYHaz545meJDF3AICU,1
968,Brenda Lee,A Marshmallow World,6Eh1XqjaOX2BVL0hVCnwb0,62
969,Brenda Lee,Silent Night - Re-Recorded Version,6fh0ZLnQw66CnuuaUzwc1P,2
970,Juice WRLD,Juice WRLD Speaks 2,2pumRJcJLkPPejrEvwLAlu,74
971,Juice WRLD,Already Dead,7qM1BWAsZMTYh4BcYLb0uQ,88
972,Juice WRLD,Wishing Well,2U5WueTLIK5WJLD7mvDODv,85
973,Juice WRLD,Juice WRLD Speaks,1fw2lym3kCvhxbIs8UQGHk,74
974,Eminem,Godzilla (feat. Juice WRLD),7FIWs0pqAYbP91WWM0vlTQ,86
975,Juice WRLD,Lucid Dreams,285pBltuF7vW8TeWk8hdRR,88
976,Juice WRLD,Juice WRLD Speaks From Heaven - Outro,1OjiYjgPZyxS0AiXiSnuYI,61
977,Juice WRLD,Wandered To LA (with Justin Bieber),5J6rTmMjF9DVIAF8G3M9n4,86
978,Juice WRLD,Robbery,6Hj9jySrnFppAI0sEMCZpJ,86
979,Juice WRLD,Burn,0QwKxajohg1rAMMmv1AWe1,83
980,Mariah Carey,All I Want for Christmas Is You,0bYg9bo50gSsH3LtXe2SQn,97
981,Mariah Carey,Vision of Love,0gLQ6jhJsyYfl7PrD1RZ7X,60
982,Mariah Carey,Christmas (Baby Please Come Home),3PIDciSFdrQxSQSihim3hN,86
983,Mariah Carey,Dreamlover,6HcQZfMrw3KwGyzrKw1Pjy,61
984,Mariah Carey,Oh Santa! (feat. Ariana Grande & Jennifer Hudson),1Ri9P0ZPrqr6h0REDRdJBd,80
985,Mariah Carey,We Belong Together,3LmvfNUQtglbTrydsdIqFU,72
986,Mariah Carey,Fantasy (feat. O.D.B.) - Bad Boy Fantasy,10uRkDT2LoYDJnzgacTXKx,39
987,Mariah Carey,Fantasy,6xkryXuiZU360Lngd4sx13,77
988,Mariah Carey,It's Like That,7zL9xrz5krsuC6qVNluQQw,58
989,Mariah Carey,O Holy Night,3B7FO3kJ5kv3mX7yiaB7sT,78
990,Juice WRLD,Juice WRLD Speaks 2,2pumRJcJLkPPejrEvwLAlu,74
991,Juice WRLD,Already Dead,7qM1BWAsZMTYh4BcYLb0uQ,88
992,Juice WRLD,Wishing Well,2U5WueTLIK5WJLD7mvDODv,85
993,Juice WRLD,Juice WRLD Speaks,1fw2lym3kCvhxbIs8UQGHk,74
994,Eminem,Godzilla (feat. Juice WRLD),7FIWs0pqAYbP91WWM0vlTQ,86
995,Juice WRLD,Lucid Dreams,285pBltuF7vW8TeWk8hdRR,88
996,Juice WRLD,Juice WRLD Speaks From Heaven - Outro,1OjiYjgPZyxS0AiXiSnuYI,61
997,Juice WRLD,Wandered To LA (with Justin Bieber),5J6rTmMjF9DVIAF8G3M9n4,86
998,Juice WRLD,Robbery,6Hj9jySrnFppAI0sEMCZpJ,86
999,Juice WRLD,Burn,0QwKxajohg1rAMMmv1AWe1,83
